code,description,mi_hes,angina_hes,acs_hes,hf_hes,stroke_hes,tia_hes,ali_hes,mace_hes,macesevere_hes,stroketia_hes,,notes 
G45,transient cerebral ischaemic attacks and related syndromes,,,,,,1,,1,,1,,
G45.0,vertebro-basilar artery syndrome,,,,,,1,,1,,1,,
G45.1,carotid artery syndrome (hemispheric),,,,,,1,,1,,1,,
G45.2,multiple and bilateral precerebral artery syndromes,,,,,1,1,,1,1,1,,
G45.3,amaurosis fugax,,,,,,1,,1,,1,,
G45.8,other transient cerebral ischaemic attacks and related syndromes,,,,,,1,,1,,1,,
G45.9,"transient cerebral ischaemic attack, unspecified",,,,,,1,,1,,1,,
G46,vascular syndromes of brain in cerebrovascular diseases,,,,,1,,,1,1,1,,
G46.0,middle cerebral artery syndrome,,,,,1,,,1,1,1,,
G46.1,anterior cerebral artery syndrome,,,,,1,,,1,1,1,,
G46.2,posterior cerebral artery syndrome,,,,,1,,,1,1,1,,
G46.3,brain stem stroke syndrome,,,,,1,,,1,1,1,,
G46.4,cerebellar stroke syndrome,,,,,1,,,1,1,1,,
G46.5,pure motor lacunar syndrome,,,,,1,,,1,1,1,,
G46.6,pure sensory lacunar syndrome,,,,,1,,,1,1,1,,
G46.7,other lacunar syndromes,,,,,1,,,1,1,1,,
G46.8,other vascular syndromes of brain in cerebrovascular diseases,,,,,1,,,1,1,1,,
I20.0,unstable angina,,1,1,,,,,1,,,,
I21,acute myocardial infarction,1,,1,,,,,1,1,,,
I21.0,acute transmural myocardial infarction of anterior wall,1,,1,,,,,1,1,,,
I21.1,acute transmural myocardial infarction of inferior wall,1,,1,,,,,1,1,,,
I21.2,acute transmural myocardial infarction of other sites,1,,1,,,,,1,1,,,
I21.3,acute transmural myocardial infarction of unspecified site,1,,1,,,,,1,1,,,
I21.4,acute subendocardial myocardial infarction,1,,1,,,,,1,1,,,
I21.9,"acute myocardial infarction, unspecified",1,,1,,,,,1,1,,,
I24,other acute ischaemic heart diseases,,,1,,,,,1,,,,
I24.0,coronary thrombosis not resulting in myocardial infarction,,1,1,,,,,1,,,,
I24.8,other forms of acute ischaemic heart disease,,,1,,,,,1,,,,
I24.9,"acute ischaemic heart disease, unspecified",,,1,,,,,1,,,,
I50,heart failure,,,,1,,,,1,1,,,
I50.1,left ventricular failure,,,,1,,,,1,1,,,
I50.9,"heart failure, unspecified",,,,1,,,,1,1,,,
I60,subarachnoid haemorrhage,,,,,1,,,1,1,1,,
I60.0,subarachnoid haemorrhage from carotid siphon and bifurcation,,,,,1,,,1,1,1,,
I60.1,subarachnoid haemorrhage from middle cerebral artery,,,,,1,,,1,1,1,,
I60.2,subarachnoid haemorrhage from anterior communicating artery,,,,,1,,,1,1,1,,
I60.3,subarachnoid haemorrhage from posterior communicating artery,,,,,1,,,1,1,1,,
I60.4,subarachnoid haemorrhage from basilar artery,,,,,1,,,1,1,1,,
I60.5,subarachnoid haemorrhage from vertebral artery,,,,,1,,,1,1,1,,
I60.6,subarachnoid haemorrhage from other intracranial arteries,,,,,1,,,1,1,1,,
I60.7,"subarachnoid haemorrhage from intracranial artery, unspecified",,,,,1,,,1,1,1,,
I60.8,other subarachnoid haemorrhage,,,,,1,,,1,1,1,,
I60.9,"subarachnoid haemorrhage, unspecified",,,,,1,,,1,1,1,,
I61,intracerebral haemorrhage,,,,,1,,,1,1,1,,
I61.0,"intracerebral haemorrhage in hemisphere, subcortical",,,,,1,,,1,1,1,,
I61.1,"intracerebral haemorrhage in hemisphere, cortical",,,,,1,,,1,1,1,,
I61.2,"intracerebral haemorrhage in hemisphere, unspecified",,,,,1,,,1,1,1,,
I61.3,intracerebral haemorrhage in brain stem,,,,,1,,,1,1,1,,
I61.4,intracerebral haemorrhage in cerebellum,,,,,1,,,1,1,1,,
I61.5,"intracerebral haemorrhage, intraventricular",,,,,1,,,1,1,1,,
I61.6,"intracerebral haemorrhage, multiple localized",,,,,1,,,1,1,1,,
I61.8,other intracerebral haemorrhage,,,,,1,,,1,1,1,,
I61.9,"intracerebral haemorrhage, unspecified",,,,,1,,,1,1,1,,
I62,other nontraumatic intracranial haemorrhage,,,,,1,,,1,1,1,,
I62.0,subdural haemorrhage (acute)(nontraumatic),,,,,1,,,1,1,1,,
I62.1,nontraumatic extradural haemorrhage,,,,,1,,,1,1,1,,
I62.9,"intracranial haemorrhage (nontraumatic), unspecified",,,,,1,,,1,1,1,,
I63,cerebral infarction,,,,,1,,,1,1,1,,
I63.0,cerebral infarction due to thrombosis of precerebral arteries,,,,,1,,,1,1,1,,
I63.1,cerebral infarction due to embolism of precerebral arteries,,,,,1,,,1,1,1,,
I63.2,cerebral infarction due to unspecified occlusion or stenosis of precerebral arteries,,,,,1,,,1,1,1,,
I63.3,cerebral infarction due to thrombosis of cerebral arteries,,,,,1,,,1,1,1,,
I63.4,cerebral infarction due to embolism of cerebral arteries,,,,,1,,,1,1,1,,
I63.5,cerebral infarction due to unspecified occlusion or stenosis of cerebral arteries,,,,,1,,,1,1,1,,
I63.6,"cerebral infarction due to cerebral venous thrombosis, nonpyogenic",,,,,1,,,1,1,1,,
I63.8,other cerebral infarction,,,,,1,,,1,1,1,,
I63.9,"cerebral infarction, unspecified",,,,,1,,,1,1,1,,
I64,"stroke, not specified as haemorrhage or infarction",,,,,1,,,1,1,1,,
I70.2,atherosclerosis of arteries of extremities,,,,,,,1,1,,,,
I70.20,atherosclerosis of arteries of extremities,,,,,,,1,1,,,,
I70.21,atherosclerosis of arteries of extremities,,,,,,,1,1,,,,
I70.8,atherosclerosis of other arteries,,,,,,,1,1,,,,
I70.80,atherosclerosis of other arteries,,,,,,,1,1,,,,
I70.81,atherosclerosis of other arteries,,,,,,,1,1,,,,
I70.9,generalized and unspecified atherosclerosis,,,,,,,1,1,,,,
I70.90,generalized and unspecified atherosclerosis,,,,,,,1,1,,,,
I70.91,generalized and unspecified atherosclerosis,,,,,,,1,1,,,,
I22,Subsequent myocardial infarction,1,,1,,,,,1,,,,definition is that these codes should only be applied after initial infarct. Included in case initial infarct missed 
I22.0,Subsequent myocardial infarction of anterior wall,1,,1,,,,,1,,,,definition is that these codes should only be applied after initial infarct. Included in case initial infarct missed 
I22.1,Subsequent myocardial infarction of inferior wall,1,,1,,,,,1,,,,definition is that these codes should only be applied after initial infarct. Included in case initial infarct missed 
I22.8,Subsequent myocardial infarction of other sites,1,,1,,,,,1,,,,definition is that these codes should only be applied after initial infarct. Included in case initial infarct missed 
I22.9,Subsequent myocardial infarction of unspecified site,1,,1,,,,,1,,,,definition is that these codes should only be applied after initial infarct. Included in case initial infarct missed 
I23,Certain current complications following acute myocardial infarction,,,,,,,,1,,,,
I23.0,Haemopericardium as current complication following acute myocardial infarction,,,,,,,,1,,,,
I23.1,Atrial septal defect as current complication following acute myocardial infarction,,,,,,,,1,,,,
I23.2,Ventricular septal defect as current complication following acute myocardial infarction,,,,,,,,1,,,,
I23.3,Rupture of cardiac wall without haemopericardium as current complication following acute myocardial infarction,,,,,,,,1,,,,
I23.4,Rupture of chordae tendineae as current complication following acute myocardial infarction,,,,,,,,1,,,,
I23.5,Rupture of papillary muscle as current complication following acute myocardial infarction,,,,,,,,1,,,,
I23.6,"Thrombosis of atrium, auricular appendage, and ventricle as current complications following acute myocardial infarction",,,,,,,,1,,,,
I23.8,Other current complications following acute myocardial infarction,,,,,,,,1,,,,
I24.1,Dressler's syndrome,,,,,,,,1,,,,
I50.0,Congestive heart failure,,,,1,,,,,,,,
I11.0,Hypertensive heart disease with (congestive) heart failure,,,,1,,,,,,,,
I13.0,Hypertensive heart and renal disease with (congestive) heart failure,,,,1,,,,,,,,
I13.2,Hypertensive heart and renal disease with both (congestive) heart failure and renal failure,,,,1,,,,,,,,
