medcode,readcode,clinicalevents,immunisationevents,referralevents,testevents,readterm,databaserelease
96133,7B00400,10,0,0,0,"Allotransplantation kidney from cadaver, heart non-beating",April 2009
7804,K02..00,2941,0,81,0,Chronic glomerulonephritis,February 2009
67995,K032000,19,0,0,0,Focal membranoproliferative glomerulonephritis,February 2009
60857,K0A3700,26,0,0,0,Chronic nephritic syn diffuse crescentic glomerulonephritis,February 2009
10809,K021.00,520,0,9,0,Chronic membranous glomerulonephritis,February 2009
61930,Kyu2.00,554,0,16,0,[X]Renal failure,February 2009
65064,K023.00,4,0,0,0,Chronic rapidly progressive glomerulonephritis,February 2009
70157,Kyu4.00,36,0,0,0,[X]Other disorders of kidney and ureter,February 2009
68112,C373600,10,0,0,0,Nephropathic amyloidosis,February 2009
52969,C341.00,102,0,2,0,Gouty nephropathy,February 2009
66505,K0A3000,7,0,0,0,"Chronic nephritic syndrome, minor glomerular abnormality",February 2009
24292,SP15412,159,0,2,0,Post operative renal failure,February 2009
58060,K0A1300,1,0,0,0,Rpd prog neph syn df mesangial prolifratv glomerulonephritis,February 2009
47672,K01x400,96,0,3,0,Nephrotic syndrome in systemic lupus erythematosus,February 2009
10837,K040.00,672,0,6,0,Acute renal tubular necrosis,February 2009
28158,TB11.00,24,0,0,0,"Kidney dialysis with complication, without blame",February 2009
59031,PD1yz00,8,0,0,0,Other congenital cystic kidney disease NOS,February 2009
46242,K041.00,21,0,0,0,Acute renal cortical necrosis,February 2009
60446,Z919.00,28,0,0,0,Care of haemodialysis equipment,February 2009
72004,7B01511,7,0,0,0,Excision of rejected transplanted kidney,February 2009
59018,PD1y.00,6,0,0,0,Other specified congenital cystic kidney disease,February 2009
1899,K10y000,44237,0,2877,23,Pyelonephritis unspecified,February 2009
33580,K03..00,888,0,18,0,Nephritis and nephropathy unspecified,February 2009
45160,ZV56y11,7,0,0,0,[V]Aftercare involving peritoneal dialysis,February 2009
45523,K0B..00,47,0,1,0,Renal tubulo-interstitial disorders in diseases EC,February 2009
55100,K00y300,68,0,0,0,Acute diffuse nephritis,February 2009
9959,14D..12,4070,0,539,0,H/O: renal disease,February 2009
20073,7L1A000,2338,0,24,0,Renal dialysis,February 2009
49046,A844100,4,0,0,0,Plasmodium malariae malaria with nephropathy,February 2009
70874,7B00y00,19,0,0,0,Other specified transplantation of kidney,February 2009
22205,K01x411,1090,0,10,0,Lupus nephritis,February 2009
71314,L093.00,23,0,0,0,Renal failure following abortive pregnancy,February 2009
30756,7L1A500,225,0,1,0,Continuous ambulatory peritoneal dialysis,February 2009
64636,7L1Az00,5,0,0,0,Compensation for renal failure NOS,February 2009
49642,K0A2300,13,0,0,0,Recur+persist haemuria df mesangial prolif glomerulnephritis,February 2009
50331,PD1z.00,50,0,1,0,Congenital cystic kidney disease NOS,February 2009
11773,7L1A.11,4617,0,44,0,Dialysis for renal failure,February 2009
61317,K0A2200,6,0,0,0,Recur+persist haematuria difus membranous glomerulonephritis,February 2009
5417,K00..11,3915,0,97,0,Acute nephritis,February 2009
9840,K010.00,40,0,0,0,Nephrotic syndrome with proliferative glomerulonephritis,February 2009
23913,K014.00,81,0,1,0,"Nephrotic syndrome, minor glomerular abnormality",February 2009
95508,1Z1K.00,542,0,6,0,Chronic kidney disease stage 5 with proteinuria,February 2009
95177,1Z1G.00,6283,0,27,0,Chronic kidney disease stage 3B without proteinuria,February 2009
5072,K08y400,960,0,22,0,Renal tubular acidosis,February 2009
29384,K000.00,205,0,1,0,Acute proliferative glomerulonephritis,February 2009
27335,K03y000,25,0,1,0,Other nephritis and nephrosis in diseases EC,February 2009
41159,K0C1.00,96,0,0,0,Nephropathy induced by other drugs meds and biologl substncs,February 2009
57926,K013.12,123,0,0,0,Steroid sensitive nephrotic syndrome,February 2009
65400,K02y300,8,0,0,0,Chronic diffuse glomerulonephritis,February 2009
66705,7B00111,9,0,0,0,Allotransplantation of kidney from live donor,February 2009
63786,K01w.00,34,0,0,0,Congenital nephrotic syndrome,February 2009
21423,K032600,2754,0,74,0,Berger's IgA or IgG nephropathy,February 2009
63599,K00y.00,66,0,0,0,Other acute glomerulonephritis,February 2009
41239,K0A5100,2,0,0,0,"Hereditary nephropathy NEC,focal+segmnt glomerular lesion",February 2009
27427,K01z.00,515,0,9,0,Nephrotic syndrome NOS,February 2009
69266,TA22000,8,0,0,0,Failure of sterile precautions during kidney dialysis,February 2009
38572,K104.00,115,0,2,0,Xanthogranulomatous pyelonephritis,February 2009
4654,K100.00,6792,0,126,0,Chronic pyelonephritis,February 2009
91738,K0A5600,1,0,0,0,"Hereditary nephropathy, NEC, dense deposit disease",February 2009
39598,SP15411,86,0,3,0,Kidney failure as a complication of care,February 2009
22252,ZV45100,452,0,6,0,[V]Renal dialysis status,February 2009
41285,K0A1200,5,0,0,0,Rapid progres neph syn diffuse membranous glomerulonephritis,February 2009
19316,K016.00,193,0,6,0,"Nephrotic syndrome, diffuse membranous glomerulonephritis",February 2009
10647,K02..11,513,0,10,0,Nephritis - chronic,February 2009
11875,K02..12,1253,0,47,0,Nephropathy - chronic,February 2009
47342,Q48y000,47,0,1,0,Congenital renal failure,February 2009
10418,C10ED00,591,0,10,0,Type 1 diabetes mellitus with nephropathy,February 2009
63038,ZV56z00,2,0,0,0,[V]Unspecified aftercare involving intermittent dialysis,February 2009
94965,1Z15.00,34890,0,50,1,Chronic kidney disease stage 3A,February 2009
93366,7B0F.00,15,0,0,0,Interventions associated with transplantation of kidney,February 2009
15340,K138z00,251,0,16,3,Renal vascular disorders NOS,February 2009
46438,SP05613,211,0,2,0,[X] Peritoneal dialysis associated peritonitis,February 2009
47838,K00yz00,70,0,0,0,Other acute glomerulonephritis NOS,February 2009
35360,K100400,104,0,2,0,Nonobstructive reflux-associated chronic pyelonephritis,February 2009
68659,G23z.00,10,0,0,0,Hypertensive heart and renal disease NOS,February 2009
88597,7L1A400,36,0,0,0,Automated peritoneal dialysis,February 2009
9240,PD11z11,712,0,51,0,Cystic kidney disease NEC,February 2009
66503,K0A0200,27,0,0,0,"Acute nephritic syn, diffuse membranous glomerulonephritis",February 2009
24384,K032400,121,0,13,0,Familial glomerulonephritis in Alport's syndrome,February 2009
54312,K0A0500,11,0,0,0,"Acute neph syn, diffuse mesangiocapillary glomerulonephritis",February 2009
61811,K0A4500,2,0,0,0,Isoltd prteinur+specfd morph les df mesangiocap glomnephr,February 2009
17365,K01B.00,68,0,0,0,"Nephrotic syndrome, diffuse crescentic glomerulonephritis",February 2009
71174,K0A1.00,3,0,0,0,Rapidly progressive nephritic syndrome,February 2009
56987,K01A.00,16,0,0,0,"Nephrotic syndrome, dense deposit disease",February 2009
85659,K0A2800,2747,0,49,0,IgA nephropathy,February 2009
5911,ZV42000,2991,0,32,0,[V]Kidney transplanted,February 2009
95408,1Z1D.00,2879,0,23,0,Chronic kidney disease stage 3A with proteinuria,February 2009
95178,1Z1F.00,2176,0,24,0,Chronic kidney disease stage 3B with proteinuria,February 2009
95122,1Z1H.00,1930,0,71,0,Chronic kidney disease stage 4 with proteinuria,February 2009
67460,K001.00,17,0,0,0,Acute nephritis with lesions of necrotising glomerulitis,February 2009
4503,PD11.00,10092,0,700,5,Polycystic kidney disease,February 2009
61814,K0A0700,28,0,0,0,Acute nephrotic syndrm diffuse crescentic glomerulonephritis,February 2009
94350,K032z00,4,0,0,0,Nephritis unsp+membranoprolif glomerulonephritis lesion NOS,February 2009
96184,TA02000,2,0,0,0,"Accid cut,puncture,perf,h'ge - kidney dialysis",April 2009
51113,K0A5000,4,0,0,0,"Hereditary nephropathy NEC, minor glomerular abnormality",February 2009
2773,K0...00,1864,0,102,2,"Nephritis, nephrosis and nephrotic syndrome",February 2009
60198,K0A3600,9,0,0,0,"Chronic nephritic syndrome, dense deposit disease",February 2009
73026,K0A3500,8,0,0,0,Chronic neph syn difus mesangiocapillary glomerulonephritis,February 2009
58750,K01x300,14,0,0,0,Nephrotic syndrome in polyarteritis nodosa,February 2009
11745,7B00100,2462,0,146,0,Transplantation of kidney from live donor,February 2009
62520,K03W.00,9,0,0,0,"Unsp nephrit synd, diff endocap prolif glomerulonephritis",February 2009
2997,7B00.00,9144,0,166,3,Transplantation of kidney,February 2009
52088,ZV56100,48,0,0,0,[V]Preparatory care for dialysis,February 2009
15917,PD1..00,1157,0,55,1,Congenital cystic kidney disease,February 2009
95405,1Z1L.00,210,0,4,0,Chronic kidney disease stage 5 without proteinuria,February 2009
50472,K018.00,6,0,0,0,"Nephrotic syn,difus endocapilary proliftv glomerulonephritis",February 2009
95406,1Z1J.00,2127,0,55,0,Chronic kidney disease stage 4 without proteinuria,February 2009
57621,C108D00,28,0,0,0,Insulin dependent diabetes mellitus with nephropathy,February 2009
4668,G22..00,2536,0,63,0,Hypertensive renal disease,February 2009
25980,K08z.00,743,0,25,0,Impaired renal function disorder NOS,February 2009
50893,K0C4.00,19,0,0,0,"Toxic nephropathy, not elsewhere classified",February 2009
8607,K0C0.00,112,0,1,0,Analgesic nephropathy,February 2009
66872,C108D11,8,0,0,0,Type I diabetes mellitus with nephropathy,February 2009
64571,C109C11,7,0,1,0,Type II diabetes mellitus with nephropathy,February 2009
24836,C109C12,14,0,1,0,Type 2 diabetes mellitus with nephropathy,February 2009
90952,7B0F100,6,0,0,0,"Pre-transplantation of kidney work-up, recipient",February 2009
32423,G222.00,109,0,0,0,Hypertensive renal disease with renal failure,February 2009
2996,7L1A200,8658,0,88,4,Haemodialysis NEC,February 2009
97533,Gyu2100,10,0,0,0,[X]Hypertension secondary to other renal disorders,August 2009
55389,K0A0300,24,0,0,0,"Acut neph syn, diffuse mesangial prolifrative glomnephritis",February 2009
53940,Kyu2100,27,0,0,0,[X]Other chronic renal failure,February 2009
8330,K0D..00,736,0,5,0,End-stage renal disease,February 2009
57568,K100100,6,0,1,0,Chronic pyelonephritis with medullary necrosis,February 2009
63466,G23..00,76,0,0,0,Hypertensive heart and renal disease,February 2009
95146,1Z19.00,842,0,1,0,Chronic kidney disease stage 2 with proteinuria,February 2009
36125,K03U.00,41,0,3,0,"Unspecif nephr synd, diff concentric glomerulonephritis",February 2009
12479,1Z13.00,72507,0,3111,0,Chronic kidney disease stage 4,February 2009
28684,G233.00,56,0,3,0,Hypertensive heart and renal disease with renal failure,February 2009
56852,PD11z00,325,0,9,0,Polycystic kidney disease NOS,February 2009
12720,1Z1..00,25067,0,1198,0,Chronic renal impairment,February 2009
8828,14D1.00,2538,0,80,0,H/O: nephritis,February 2009
20516,K13yz11,22,0,0,0,Salt-losing nephritis,February 2009
21989,K019.00,100,0,2,0,"Nephrotic syn,diffuse mesangiocapillary glomerulonephritis",February 2009
53852,K05..12,301,0,1,0,End stage renal failure,February 2009
38312,L162.12,17,0,3,2,Nephropathy NOS in pregnancy without hypertension,February 2009
2475,C104.11,5235,0,168,1,Diabetic nephropathy,February 2009
95175,1Z1E.00,17341,0,16,0,Chronic kidney disease stage 3A without proteinuria,February 2009
72877,Pyu7000,65,0,1,0,[X]Other cystic kidney diseases,February 2009
58671,K0A5300,1,0,0,0,Heredtry nephrpthy NEC difus mesangial prolif glomnephrit,February 2009
57784,K0C2.00,21,0,0,0,Nephropathy induced by unspec drug medicament or biol subs,February 2009
60484,K0A2500,6,0,0,0,Recur+persist hmuria df mesangiocapilary glomerulonephritis,February 2009
50804,K08yz00,66,0,0,0,Other impaired renal function disorder NOS,February 2009
2939,K100600,408,0,8,0,Calculous pyelonephritis,February 2009
21297,K0A3.00,133,0,3,0,Chronic nephritic syndrome,February 2009
36205,K0A5.00,65,0,2,0,Hereditary nephropathy not elsewhere classified,February 2009
60856,K0A2700,4,0,0,0,Recur+persist haematuria difus crescentic glomerulonephritis,February 2009
5504,7B00z00,2326,0,276,0,Transplantation of kidney NOS,February 2009
62320,K0A1700,13,0,0,0,Rapid progres nephritic syn df crescentic glomerulonephritis,February 2009
31581,K0A0.00,333,0,6,0,Acute nephritic syndrome,February 2009
350,K06..00,44923,0,5003,59,Renal failure unspecified,February 2009
47922,K01x000,102,0,2,0,Nephrotic syndrome in amyloidosis,February 2009
55151,7B00000,29,0,0,0,Autotransplant of kidney,February 2009
48057,K0B5.00,25,0,0,0,Renal tubulo-interstitial disordrs in transplant rejectn,February 2009
94789,1Z17.00,239,0,3,0,Chronic kidney disease stage 1 with proteinuria,February 2009
12640,C10FC00,2534,0,73,0,Type 2 diabetes mellitus with nephropathy,February 2009
22897,D310100,1139,0,22,0,Henoch-Schonlein nephritis,February 2009
64622,K0B1.00,5,0,1,0,Renal tubulo-interstitial disorder/ neoplastic diseases,February 2009
44270,K0A5200,19,0,0,0,"Hereditry nephropathy NEC,difus membran glomerulnephritis",February 2009
96347,7A61900,32,0,0,0,Ligation of arteriovenous dialysis fistula,April 2009
59315,SP07G00,115,0,0,0,Stenosis of arteriovenous dialysis fistula,February 2009
56893,K0A3300,16,0,0,0,Chron neph syn difus mesangial prolifrtiv glomerulonephritis,February 2009
59365,C109C00,75,0,3,0,Non-insulin dependent diabetes mellitus with nephropathy,February 2009
30735,6AA..00,123917,0,16,0,Chronic kidney disease annual review,February 2009
60128,K03V.00,11,0,3,0,"Unspecified nephritic syndrome, dense deposit disease",February 2009
2471,K01x100,395,0,8,0,Nephrotic syndrome in diabetes mellitus,February 2009
20196,14V2.00,2504,0,78,0,H/O: renal dialysis,February 2009
56939,K08y000,20,0,2,0,Hypokalaemic nephropathy,February 2009
8919,K08..00,5842,0,321,1,Impaired renal function disorder,February 2009
30310,K081.00,425,0,7,0,Nephrogenic diabetes insipidus,February 2009
15097,K02z.00,260,0,7,0,Chronic glomerulonephritis NOS,February 2009
39649,G220.00,154,0,11,0,Malignant hypertensive renal disease,February 2009
31369,K042.00,33,0,3,0,Acute renal medullary necrosis,February 2009
44055,K03yz00,166,0,2,0,Other nephritis and nephrosis NOS,February 2009
20027,K00y000,55,0,5,0,Acute glomerulonephritis in diseases EC,February 2009
63000,G231.00,7,0,0,0,Benign hypertensive heart and renal disease,February 2009
45867,K035.00,35,0,0,0,Renal medullary necrosis unspecified,February 2009
58164,K033.00,49,0,0,0,Rapidly progressive nephritis unspecified,February 2009
5291,K031.00,561,0,11,0,Membranous nephritis unspecified,February 2009
17253,8L50.00,903,0,19,0,Renal transplant planned,February 2009
10460,K138.11,515,0,12,0,Renal vascular disorders,February 2009
50200,K0A1600,12,0,0,0,"Rapid progressive nephritic syndrome, dense deposit disease",February 2009
72478,Kyu1400,1,0,0,0,[X]Nephropathy induced by other drugs+biological substances,February 2009
34675,K13yz00,485,0,19,0,Other kidney and ureteric disorders NOS,February 2009
89924,7B00300,10,0,0,0,"Allotransplantation of kidney from cadaver, heart-beating",February 2009
2991,K13z.00,4741,0,954,31,Kidney and ureter disease NOS,February 2009
512,K05..00,79428,0,4875,14,Chronic renal failure,February 2009
69760,ZVu3G00,51,0,0,0,[X]Other dialysis,February 2009
12585,1Z14.00,15278,0,245,0,Chronic kidney disease stage 5,February 2009
95179,1Z16.00,13061,0,64,0,Chronic kidney disease stage 3B,February 2009
23990,K03T.00,300,0,2,0,"Tubulo-interstit nephritis, not specif as acute or chron",February 2009
54990,TB00100,95,0,2,0,"Kidney transplant with complication, without blame",February 2009
12566,1Z12.00,649563,0,2711,0,Chronic kidney disease stage 3,February 2009
67232,G230.00,16,0,0,0,Malignant hypertensive heart and renal disease,February 2009
21837,G232.00,35,0,4,0,Hypertensive heart&renal dis wth (congestive) heart failure,February 2009
95710,K10y300,13,0,0,0,Pyelonephritis in diseases EC,February 2009
47080,L162.00,32,0,2,0,Unspecified renal disease in pregnancy,February 2009
46145,ZV56011,18,0,2,0,[V]Aftercare involving renal dialysis NOS,February 2009
34637,K080z00,51,0,0,0,Renal osteodystrophy NOS,February 2009
30301,K03X.00,48,0,1,0,"Unsp nephrit synd, diff mesang prolif glomerulonephritis",February 2009
71709,Kyu0900,2,0,0,0,"[X]Unsp nephrit synd, diff mesang prolif glomerulonephritis",February 2009
54844,U612200,3,0,0,0,[X]Failure sterile precautions dur kidney dialys/other perf,February 2009
48022,7L1Ay00,7,0,1,1,Other specified compensation for renal failure,February 2009
63502,Z91A.00,9,0,1,0,Peritoneal dialysis bag procedure,February 2009
66136,K0A0100,14,0,0,0,"Acute nephritic syndrome, focal+segmental glomerular lesions",February 2009
57168,K0A3200,19,0,0,0,Chron nephritic syndrom difuse membranous glomerulonephritis,February 2009
60302,7A60600,774,0,0,0,Creation of graft fistula for dialysis,February 2009
21687,C345.00,282,0,17,0,Gout due to impairment of renal function,February 2009
34648,K080100,4,0,0,0,Renal dwarfism,February 2009
34998,K020.00,124,0,0,0,Chronic proliferative glomerulonephritis,February 2009
67197,A786.00,16,0,0,0,Haemorrhagic nephrosonephritis,February 2009
39840,K08y.00,49,0,0,0,Other impaired renal function disorder,February 2009
53944,K10y.00,263,0,0,0,Pyelonephritis and pyonephrosis unspecified,February 2009
60960,K02y.00,18,0,0,0,Other chronic glomerulonephritis,February 2009
21947,K017.00,171,0,1,0,Nephrotic syn difus mesangial prolifertiv glomerulonephritis,February 2009
67193,K032y00,52,0,1,0,Nephritis unsp+OS membranoprolif glomerulonephritis lesion,February 2009
44422,14V2.11,87,0,3,0,H/O: kidney dialysis,February 2009
26862,7B06300,295,0,15,0,Exploration of renal transplant,February 2009
94261,K00y100,3,0,0,0,Acute exudative nephritis,February 2009
63615,K02yz00,20,0,0,0,Other chronic glomerulonephritis NOS,February 2009
63488,ZV56y00,3,0,2,0,[V]Other specified aftercare involving intermittent dialysis,February 2009
41148,K0B4000,14,0,1,0,Renal tubulo-interstitial disorder in SLE,February 2009
62980,K0A5X00,5,0,0,0,"Hereditary nephropathy, unspecif morphological changes",February 2009
97734,K0A1100,4,0,0,0,Rapid progres nephritic syn focal+segmental glomerulr lesion,October 2009
24361,7B00200,865,0,4,0,Transplantation of kidney from cadaver,February 2009
97758,K02y000,3,0,0,0,Chronic glomerulonephritis + diseases EC,October 2009
49235,A160200,59,0,0,0,Tuberculous pyelonephritis,February 2009
50728,K080200,8,0,0,0,Renal infantilism,February 2009
54938,L162000,2,0,0,0,Unspecified renal disease in pregnancy unspecified,February 2009
61494,K022.00,51,0,0,0,Chronic membranoproliferative glomerulonephritis,February 2009
35107,C104z00,480,0,13,0,Diabetes mellitus with nephropathy NOS,February 2009
52272,A160000,22,0,2,0,Tuberculous nephropathy,February 2009
43935,G221.00,65,0,0,0,Benign hypertensive renal disease,February 2009
94793,1Z1B.00,4354,0,29,0,Chronic kidney disease stage 3 with proteinuria,February 2009
11554,SP15400,169,0,5,0,Renal failure as a complication of care,February 2009
18774,TB00111,300,0,8,0,"Renal transplant with complication, without blame",February 2009
41676,K034.00,72,0,1,0,Renal cortical necrosis unspecified,February 2009
64828,7L1A600,246,0,0,0,Peritoneal dialysis NEC,February 2009
12465,K032.00,246,0,7,0,Membranoproliferative nephritis unspecified,February 2009
16008,K030.00,222,0,9,0,Proliferative nephritis unspecified,February 2009
66714,TB11.11,7,0,0,0,"Renal dialysis with complication, without blame",February 2009
96819,Kyu4000,4,0,0,0,[X]Other disorders resulting/impaired renal tubular function,May 2009
40413,K0A3100,13,0,0,0,Chronic nephritic syndrm focal+segmental glomerular lesions,February 2009
48121,7B01500,372,0,1,0,Transplant nephrectomy,February 2009
57072,K032500,30,0,0,0,Other familial glomerulonephritis,February 2009
44657,K13y.00,225,0,3,0,Other kidney and ureteric disorders,February 2009
4850,K03..11,259,0,6,0,Nephritis and nephropathy unspecified,February 2009
11873,K03..12,1904,0,43,0,"Nephropathy, unspecified",February 2009
6712,K050.00,5956,0,70,1,End stage renal failure,February 2009
11553,SP08300,499,0,9,0,Kidney transplant failure and rejection,February 2009
1803,K011.00,669,0,9,0,Nephrotic syndrome with membranous glomerulonephritis,February 2009
60743,ZV56.00,19,0,4,0,[V]Aftercare involving intermittent dialysis,February 2009
34669,K03y200,208,0,4,0,Other interstitial nephritis,February 2009
20129,K00z.00,637,0,17,0,Acute glomerulonephritis NOS,February 2009
20629,PD1..11,573,0,111,0,Congenital cystic renal disease,February 2009
95123,1Z1C.00,15794,0,8,0,Chronic kidney disease stage 3 without proteinuria,February 2009
48855,K100500,39,0,0,0,Chronic obstructive pyelonephritis,February 2009
48261,K00y200,167,0,3,0,Acute focal nephritis,February 2009
2994,7L1A100,4051,0,71,3,Peritoneal dialysis,February 2009
62868,K032300,4,0,0,0,Anaphylactoid glomerulonephritis,February 2009
36342,K032y13,188,0,0,0,Mesangioproliferative glomerulonephritis NEC,February 2009
31549,7L1A.00,330,0,26,0,Compensation for renal failure,February 2009
15780,K0z..00,3393,0,714,11,"Nephritis, nephrosis and nephrotic syndrome NOS",February 2009
2088,K00..00,7001,0,84,0,Acute glomerulonephritis,February 2009
61145,C341z00,3,0,1,0,Gouty nephropathy NOS,February 2009
48111,K100z00,329,0,1,0,Chronic pyelonephritis NOS,February 2009
35065,K03y.00,61,0,0,0,Other nephritis and nephrosis unspecified,February 2009
50305,K032y11,17,0,1,0,Hypocomplementaemic persistent glomerulonephritis NEC,February 2009
97388,K032y15,7,0,0,0,Mixed membranous and proliferative glomerulonephritis NEC,August 2009
41881,K032y14,354,0,9,0,Mesangiocapillary glomerulonephritis NEC,February 2009
94373,K01y.00,7,0,0,0,Nephrotic syndrome with other pathological kidney lesions,February 2009
29634,K013.00,244,0,4,0,Nephrotic syndrome with minimal change glomerulonephritis,February 2009
22852,K015.00,309,0,24,0,"Nephrotic syndrome, focal and segmental glomerular lesions",February 2009
94842,Kyu1.00,7,0,0,0,[X]Renal tubulo-interstitial diseases,February 2009
11787,K060.00,23710,0,1078,0,Renal impairment,February 2009
29638,K080.00,263,0,3,0,Renal osteodystrophy,February 2009
41013,K08y300,19,0,1,0,Renal function impairment with growth failure,February 2009
67486,PD1y000,6,0,0,0,Fibrocystic kidney disease,February 2009
5182,K03z.00,3817,0,213,3,Unspecified glomerulonephritis NOS,February 2009
66062,K080300,19,0,0,0,Renal rickets,February 2009
98364,7B00211,9,0,0,0,Allotransplantation of kidney from cadaver,January 2010
2999,K01..00,20749,0,975,5,Nephrotic syndrome,February 2009
4669,K02y200,231,0,7,0,Chronic focal glomerulonephritis,February 2009
49150,K0y..00,70,0,0,0,"Other specified nephritis, nephrosis or nephrotic syndrome",February 2009
15106,G22z.00,396,0,13,0,Hypertensive renal disease NOS,February 2009
