prodcode,productname
468,Didronel PMO tablets (Warner Chilcott UK Ltd)
11368,Calcium carbonate 1.25g effervescent tablets and Disodium etidronate 400mg tablets
37833,Actonel Combi 35mg tablets and 1000mg/880unit effervescent granules sachets (Teva UK Ltd)
18317,TAMOXIFEN D TAB
22847,RALOXIFENE HCL FC
688,Alendronic acid 70mg tablets
544,Fosamax Once Weekly 70mg tablets (Merck Sharp & Dohme Ltd)
2298,Alendronic acid 10mg tablets
663,Fosamax 10mg tablets (Merck Sharp & Dohme Ltd)
7530,Alendronic acid 5mg tablets
782,Fosamax 5mg tablets (Merck Sharp & Dohme Ltd)
40449,Alendronic acid 70mg tablets (PLIVA Pharma Ltd)
46245,Alendronic acid 70mg tablets (Mylan)
35937,Alendronic acid 70mg tablets (A A H Pharmaceuticals Ltd)
37218,Alendronic acid 70mg tablets (Teva UK Ltd)
65008,Alendronic acid 70mg effervescent tablets sugar free
66203,Binosto 70mg effervescent tablets (Internis Pharmaceuticals Ltd)
37217,Alendronic acid 10mg tablets (Teva UK Ltd)
56730,Alendronic acid 70mg tablets (Almus Pharmaceuticals Ltd)
63008,Alendronic acid 70mg tablets (Somex Pharma)
43958,Alendronic acid 70mg tablets (Actavis UK Ltd)
65905,Alendronic acid 10mg tablets (Mylan)
47380,Alendronic acid 70mg tablets (Arrow Generics Ltd)
69995,Alendronic acid 35mg/5ml oral solution
54566,Alendronic acid 10mg tablets (A A H Pharmaceuticals Ltd)
63175,Alendronic acid 10mg tablets (Phoenix Healthcare Distribution Ltd)
51877,Alendronic acid 70mg tablets (Alliance Healthcare (Distribution) Ltd)
52624,Alendronic acid 70mg tablets (Phoenix Healthcare Distribution Ltd)
52834,Alendronic acid 70mg tablets (Accord Healthcare Ltd)
64331,Alendronic acid 10mg tablets (DE Pharmaceuticals)
56061,Alendronic acid 10mg tablets (Actavis UK Ltd)
50278,Alendronic acid 70mg tablets (Wockhardt UK Ltd)
59247,Fosamax Once Weekly 70mg tablets (Necessity Supplies Ltd)
55965,Alendronic acid 70mg tablets (Zentiva)
52284,Fosamax 10mg tablets (Sigma Pharmaceuticals Plc)
59485,Alendronic acid 10mg tablets (Accord Healthcare Ltd)
50880,Fosamax 10mg tablets (Necessity Supplies Ltd)
61686,Alendronic acid 70mg tablets (DE Pharmaceuticals)
56260,Alendronic acid 70mg tablets (Kent Pharmaceuticals Ltd)
57875,Fosamax Once Weekly 70mg tablets (Lexon (UK) Ltd)
59079,Alendronic acid 10mg tablets (Almus Pharmaceuticals Ltd)
59555,Alendronic acid 10mg tablets (Alliance Healthcare (Distribution) Ltd)
58744,Fosamax Once Weekly 70mg tablets (DE Pharmaceuticals)
45787,Alendronic acid 70mg/100ml oral solution unit dose sugar free
55998,Alendronic acid 70mg/75ml oral solution unit dose
55295,Alendronic acid 70mg/100ml oral solution unit dose sugar free (Alliance Healthcare (Distribution) Ltd)
52564,Alendronic acid 70mg/100ml oral solution unit dose sugar free (Rosemont Pharmaceuticals Ltd)
60144,Alendronic acid 70mg/100ml oral solution unit dose sugar free (Waymade Healthcare Plc)
7224,Alendronic acid 70mg / Colecalciferol 70microgram tablets
10227,Fosavance tablets (Merck Sharp & Dohme Ltd)
70927,Alendronic acid 70mg / Colecalciferol 70microgram tablets (Creo Pharma Ltd)
66485,Fosavance tablets (Lexon (UK) Ltd)
37575,Risedronate sodium 35mg with calcium carbonate 2500mg & colecalciferol 22micrograms tablets and granules
44004,Denosumab 60mg/1ml solution for injection pre-filled syringes
44084,Prolia 60mg/1ml solution for injection pre-filled syringes (Amgen Ltd)
54058,Denosumab 120mg/1.7ml solution for injection vials
58018,Xgeva 120mg/1.7ml solution for injection vials (Amgen Ltd)
53169,Etidronate disodium 400mg Tablet
54436,Etidronate disodium Oral solution
16904,Pamidronate disodium 90mg powder for concentrate for infusion vials
23530,Pamidronate disodium 30mg powder for concentrate for infusion vials
21485,Pamidronate disodium 15mg powder for concentrate for infusion vials
10025,Pamidronate disodium 3mg/ml Injection
766,Didronel 200mg tablets (Warner Chilcott UK Ltd)
4680,Etidronate disodium 200mg tablets
63371,Etidronate disodium 200mg tablets (Mylan)
23223,Ibandronic acid 2mg/2ml concentrated Solution for infusion
44265,Bondronat 2mg/2ml Concentrate for solution for infusion (Roche Products Ltd)
7146,Ibandronic acid 150mg tablets
7112,Bonviva 150mg tablets (Roche Products Ltd)
10193,Ibandronic acid 50mg tablets
26913,Bondronat 50mg tablets (Roche Products Ltd)
32426,Ibandronic acid 3mg/3ml solution for injection pre-filled syringes
25387,Bonviva 3mg/3ml solution for injection pre-filled syringes (Roche Products Ltd)
24998,Ibandronic acid 6mg/6ml solution for infusion vials
47911,Iasibon 50mg tablets (Aspire Pharma Ltd)
66618,Bondronat 6mg/6ml concentrate for solution for infusion vials (Roche Products Ltd)
62017,Ibandronic acid 2mg/2ml solution for infusion vials
56369,Ibandronic acid 150mg tablets (Zentiva)
71000,Ibandronic acid 150mg tablets (Alliance Healthcare (Distribution) Ltd)
57980,Ibandronic acid 50mg tablets (Actavis UK Ltd)
51342,Bonviva 150mg tablets (DE Pharmaceuticals)
67159,Ibandronic acid 50mg tablets (Teva UK Ltd)
54453,Bonviva 150mg tablets (Lexon (UK) Ltd)
56030,Ibandronic acid 150mg tablets (A A H Pharmaceuticals Ltd)
59587,Ibandronic acid 150mg tablets (Ranbaxy (UK) Ltd)
16204,Aredia Dry Powder 30mg powder and solvent for solution for infusion vials (Novartis Pharmaceuticals UK Ltd)
42102,Pamidronate disodium 30mg/10ml solution for infusion vials
30448,Pamidronate disodium 90mg/10ml solution for infusion vials
33824,Pamidronate disodium 15mg/5ml solution for infusion vials
26324,Aredia Dry Powder 15mg powder and solvent for solution for infusion vials (Novartis Pharmaceuticals UK Ltd)
48507,Pamidronate disodium 30mg/2ml solution for infusion ampoules
29415,Aredia Dry Powder 90mg powder and solvent for solution for infusion vials (Novartis Pharmaceuticals UK Ltd)
16430,Pamidronate disodium 60mg/10ml solution for infusion vials
36083,Pamidronate disodium 60mg/20ml solution for infusion vials
23563,Pamidronate disodium 90mg/6ml solution for infusion ampoules
47838,Pamidronate disodium 90mg/30ml solution for infusion vials
35027,Pamidronate disodium 15mg/1ml solution for infusion ampoules
52255,Pamidronate disodium 90mg powder and solvent for solution for infusion vials
41494,Pamidronate disodium 60mg/4ml solution for infusion ampoules
63164,Pamidronate disodium 15mg powder and solvent for solution for infusion vials
45280,Risedronate sodium 35mg & calcium carbonate 1250mg tablet
6058,Risedronate sodium 35mg tablets
6634,Risedronate sodium 5mg tablets
6084,Actonel once a week 35mg Tablet (Procter & Gamble (Health & Beauty Care) Ltd)
7527,Actonel 5mg tablets (Warner Chilcott UK Ltd)
44511,Actonel Once a Week 35mg tablets (Warner Chilcott UK Ltd)
7089,Risedronate sodium 30mg tablets
7546,Actonel 30mg tablets (Warner Chilcott UK Ltd)
63802,Actonel Once a Week 35mg tablets (Lexon (UK) Ltd)
66028,Actonel 35mg tablets (Teva UK Ltd)
59916,Risedronate sodium 35mg tablets (Sandoz Ltd)
65971,Risedronate sodium 35mg/5ml oral suspension
58618,Risedronate sodium 35mg/5ml oral solution
71209,Risedronate sodium 35mg tablets (Mawdsley-Brooks & Company Ltd)
60288,Actonel Once a Week 35mg tablets (Mawdsley-Brooks & Company Ltd)
61313,Risedronate sodium 30mg tablets (A A H Pharmaceuticals Ltd)
59449,Risedronate sodium 35mg tablets (Bluefish Pharmaceuticals AB)
69958,Risedronate sodium 35mg tablets (Mylan)
64431,Risedronate sodium 30mg tablets (Aspire Pharma Ltd)
52373,Risedronate sodium 35mg tablets (Phoenix Healthcare Distribution Ltd)
56431,Risedronate sodium 35mg tablets (Actavis UK Ltd)
67078,Risedronate sodium 35mg tablets (Teva UK Ltd)
48013,Risedronate sodium 35mg tablets (A A H Pharmaceuticals Ltd)
69929,Risedronate sodium 35mg tablets (Alliance Healthcare (Distribution) Ltd)
56663,Risedronate sodium 35mg tablets (Waymade Healthcare Plc)
69630,Risedronate sodium 35mg tablets (Almus Pharmaceuticals Ltd)
5629,Sodium clodronate 800mg tablets
4868,Sodium clodronate 400mg capsules
6568,Sodium clodronate 520mg tablets
9189,Bonefos 800mg tablets (Bayer Plc)
4927,Bonefos 400mg capsules (Bayer Plc)
11244,Loron 520mg tablets (Intrapharm Laboratories Ltd)
3680,Loron 400mg capsules (Roche Products Ltd)
39043,Clasteon 400mg capsules (Kent Pharmaceuticals Ltd)
54989,Clasteon 800mg tablets (Beacon Pharmaceuticals Ltd)
7227,Strontium ranelate 2g granules sachets sugar free
6792,Protelos 2g granules sachets (Servier Laboratories Ltd)
57138,Protelos 2g granules sachets (DE Pharmaceuticals)
71060,Protelos 2g granules sachets (Lexon (UK) Ltd)
20134,Teriparatide 750micrograms/3ml solution for injection pre-filled disposable devices
24185,Forsteo 20micrograms/80microlitres solution for injection 3ml pre-filled disposable devices (Eli Lilly and Company Ltd)
57167,Forsteo 20micrograms/80microlitres solution for injection 2.4ml pre-filled disposable devices (Eli Lilly and Company Ltd)
57223,Teriparatide 600micrograms/2.4ml solution for injection pre-filled disposable devices
47164,Teriparatide 600micrograms/2.4ml solution for injection pre-filled disposable devices
9208,Tiludronic acid 200mg tablets
9525,Skelid 200mg tablets (Sanofi)
15368,Zoledronic acid 4mg/5ml solution for infusion vials
30987,Zometa 4mg/5ml solution for infusion vials (Novartis Pharmaceuticals UK Ltd)
36400,Aclasta 5mg/100ml infusion bottles (Novartis Pharmaceuticals UK Ltd)
36399,Zoledronic acid 5mg/100ml infusion bottles
61338,Zoledronic acid 4mg/5ml concentrate for solution for infusion vials (Dr Reddy's Laboratories (UK) Ltd)
46982,Zoledronic acid 4mg/100ml infusion bottles
47866,Zometa 4mg/100ml infusion bottles (Novartis Pharmaceuticals UK Ltd)
60022,Zoledronic acid 5mg/100ml solution for infusion vials
64122,Zoledronic acid 5mg/100ml infusion bags
61044,Zoledronic acid 4mg/5ml concentrate for solution for infusion vials (medac UK)
65192,Zoledronic acid 4mg/100ml infusion bags
60644,Zoledronic acid 4mg/100ml solution for infusion vials
63043,Zoledronic acid 4mg/5ml concentrate for solution for infusion vials (Sandoz Ltd)
68625,Zoledronic acid 5mg/100ml solution for infusion vials (Dr Reddy's Laboratories (UK) Ltd)
62240,Zoledronic acid 4mg/5ml concentrate for solution for infusion vials (Intrapharm Laboratories Ltd)
70932,Zoledronic acid 4mg/5ml concentrate for solution for infusion vials (Accord Healthcare Ltd)
59494,Zoledronic acid 4mg/5ml solution for infusion vials (Actavis UK Ltd)
65160,Zoledronic acid 4mg/5ml concentrate for solution for infusion vials (Pfizer Ltd)
71279,Zoledronic acid 4mg/5ml concentrate for solution for infusion vials (Peckforton Pharmaceuticals Ltd)
63400,Zoledronic acid 4mg/100ml infusion bottles (medac UK)
