prodcode,dmdcode,gemscriptcode,therapyevents,productname,ingredient,strength,formulation,routeofadministration,bnfchapter,bnftext,databasebuild,steroid_code,steroid_code2,aap_code
65944,19836311000001104,38969020,0,Olanzapine 2.5mg tablets (Viatris UK Healthcare Ltd),Olanzapine,2.5mg,Tablet,Oral,04020102/04020300,Second-Generation Antipsychotic Drugs/Products Used For Mania And Hypomania,April 2016,0,0,1
74782,16234811000001104,03439020,2,Risperdal 1mg tablets (Lexon (UK) Ltd),Risperidone,1mg,Tablet,Oral,04020102,Second-Generation Antipsychotic Drugs,February 2019,0,0,1
84366,37784211000001104,90239021,0,Risperidone 500microgram tablets (DE Pharmaceuticals),Risperidone,500microgram,Tablet,Oral,04020102,Second-Generation Antipsychotic Drugs,August 2021,0,0,1
86970,28794711000001100,46521021,2,Aripiprazole 10mg orodispersible tablets sugar free (Accord-UK Ltd),Aripiprazole,10mg,Orodispersible tablet,Oral,04020102,Second-Generation Antipsychotic Drugs,October 2022,0,0,1
65938,21705911000001108,46788020,0,Quetiapine 25mg tablets (Ranbaxy (UK) Ltd),Quetiapine fumarate,25mg,Tablet,Oral,04020102,Second-Generation Antipsychotic Drugs,April 2016,0,0,1
62924,26655311000001104,31244021,2556,Lurasidone 18.5mg tablets,Lurasidone hydrochloride,18.5mg,Tablet,Oral,04020102,Second-Generation Antipsychotic Drugs,April 2015,0,0,1
73980,29952711000001104,52858021,0,Abilify 5mg tablets (Lexon (UK) Ltd),Aripiprazole,5mg,Tablet,Oral,04020102,Second-Generation Antipsychotic Drugs,December 2018,0,0,1
83072,9343011000001108,03637020,0,Amisulpride 200mg tablets (Alliance Healthcare (Distribution) Ltd),Amisulpride,200mg,Tablet,Oral,04020102,Second-Generation Antipsychotic Drugs,February 2021,0,0,1
667,321602009,77912020,968013,Risperidone 500microgram tablets,Risperidone,500microgram,Tablet,Oral,04020102,Second-Generation Antipsychotic Drugs,February 2009,0,0,1
46447,19223511000001104,99845020,6228,Paliperidone 100mg/1ml prolonged-release suspension for injection pre-filled syringes,Paliperidone palmitate,100mg/1ml,Prolonged-release suspension for injection,Intramuscular,04020200,Antipsychotic Depot Injections,November 2011,0,0,1
65773,31078711000001104,60701021,18,Aripiprazole 30mg tablets (Zentiva Pharma UK Ltd),Aripiprazole,30mg,Tablet,Oral,04020102,Second-Generation Antipsychotic Drugs,March 2016,0,0,1
57616,19561911000001104,78313020,22,Olanzapine 20mg tablets (Teva UK Ltd),Olanzapine,20mg,Tablet,Oral,04020102/04020300,Second-Generation Antipsychotic Drugs/Products Used For Mania And Hypomania,October 2013,0,0,1
4992,319511000001103,86000020,2412,Solian 200 tablets (Sanofi),Amisulpride,200mg,Tablet,Oral,04020102,Second-Generation Antipsychotic Drugs,February 2009,0,0,1
70867,32879211000001104,69854021,137,Paliperidone 525mg/2.625ml prolonged-release suspension for injection pre-filled syringes,Paliperidone palmitate,200mg/1ml,Prolonged-release suspension for injection,Intramuscular,04020200,Antipsychotic Depot Injections,December 2017,0,0,1
5653,321613007,83404020,226050,Olanzapine 7.5mg tablets,Olanzapine,7.5mg,Tablet,Oral,04020102/04020300,Second-Generation Antipsychotic Drugs/Products Used For Mania And Hypomania,February 2009,0,0,1
81144,13121111000001104,74935020,2,Risperidone 2mg tablets (A A H Pharmaceuticals Ltd),Risperidone,2mg,Tablet,Oral,04020102,Second-Generation Antipsychotic Drugs,July 2020,0,0,1
16407,437611000001106,79499020,819,Zyprexa 15mg Velotabs (Eli Lilly and Company Ltd),Olanzapine,15mg,Oral lyophilisate,Oral,04020102/04020300,Second-Generation Antipsychotic Drugs/Products Used For Mania And Hypomania,February 2009,0,0,1
36163,10878511000001108,92055020,604,Zyprexa 20mg tablets (Eli Lilly and Company Ltd),Olanzapine,20mg,Tablet,Oral,04020102/04020300,Second-Generation Antipsychotic Drugs/Products Used For Mania And Hypomania,February 2009,0,0,1
7039,429830008,87045020,385475,Quetiapine 300mg tablets,Quetiapine fumarate,300mg,Tablet,Oral,04020102,Second-Generation Antipsychotic Drugs,February 2009,0,0,1
53552,20917511000001108,42176020,0,Quetiapine 25mg tablets (Zentiva Pharma UK Ltd),Quetiapine fumarate,25mg,Tablet,Oral,04020102,Second-Generation Antipsychotic Drugs,January 2013,0,0,1
84868,21881611000001104,47254020,0,Risperidone 1mg/ml oral solution sugar free (Waymade Healthcare Plc),Risperidone,1mg/1ml,Oral solution,Oral,04020102,Second-Generation Antipsychotic Drugs,October 2021,0,0,1
18453,337311000001109,81008020,4358,Zyprexa 2.5mg tablets (Eli Lilly and Company Ltd),Olanzapine,2.5mg,Tablet,Oral,04020102/04020300,Second-Generation Antipsychotic Drugs/Products Used For Mania And Hypomania,February 2009,0,0,1
13820,486611000001101,83399020,8150,Zyprexa 10mg tablets (Eli Lilly and Company Ltd),Olanzapine,10mg,Tablet,Oral,04020102/04020300,Second-Generation Antipsychotic Drugs/Products Used For Mania And Hypomania,February 2009,0,0,1
47098,19609511000001100,00709021,8259,Olanzapine 5mg orodispersible tablets sugar free,Olanzapine,5mg,Orodispersible tablet,Oral,04020102/04020300,Second-Generation Antipsychotic Drugs/Products Used For Mania And Hypomania,May 2012,0,0,1
80963,13375511000001100,75063020,15,Risperidone 1mg orodispersible tablets sugar free (A A H Pharmaceuticals Ltd),Risperidone,1mg,Orodispersible tablet,Oral,04020102,Second-Generation Antipsychotic Drugs,June 2020,0,0,1
69121,17038711000001108,98331020,67,Olanzapine embonate 405mg powder and solvent for suspension for injection vials,Olanzapine embonate monohydrate,405mg,Powder and solvent for suspension for injection,Intramuscular,04020102/04020200,Second-Generation Antipsychotic Drugs/Antipsychotic Depot Injections,April 2017,0,0,1
61748,25804311000001104,27360021,2573,Ebesque XL 200mg tablets (Ethypharm UK Ltd),Quetiapine fumarate,200mg,Modified-release tablet,Oral,04020102,Second-Generation Antipsychotic Drugs,December 2014,0,0,1
25966,4729611000001104,82835020,100,Serdolect 4mg tablets (Imported (Denmark)),Sertindole,4mg,Tablet,Oral,04020102,Second-Generation Antipsychotic Drugs,February 2009,0,0,1
28759,321644003,50782020,400,Zotepine 100mg tablets,Zotepine,100mg,Tablet,Oral,04020100,Antipsychotic Products,February 2009,0,0,1
70415,19561711000001100,78310020,1,Olanzapine 15mg tablets (Teva UK Ltd),Olanzapine,15mg,Tablet,Oral,04020102/04020300,Second-Generation Antipsychotic Drugs/Products Used For Mania And Hypomania,October 2017,0,0,1
57412,20356611000001108,40631020,4189,Sondate XL 400mg tablets (Teva UK Ltd),Quetiapine fumarate,400mg,Modified-release tablet,Oral,04020102,Second-Generation Antipsychotic Drugs,October 2013,0,0,1
46422,17038211000001100,98329020,121,Olanzapine embonate 300mg powder and solvent for suspension for injection vials,Olanzapine embonate monohydrate,300mg,Powder and solvent for suspension for injection,Intramuscular,04020102/04020200,Second-Generation Antipsychotic Drugs/Antipsychotic Depot Injections,November 2011,0,0,1
39237,14025711000001108,95793020,9347,Seroquel XL 400mg tablets (Luye Pharma Ltd),Quetiapine fumarate,400mg,Modified-release tablet,Oral,04020102,Second-Generation Antipsychotic Drugs,April 2009,0,0,1
31098,10675411000001108,91141020,4744,Aripiprazole 15mg orodispersible tablets sugar free,Aripiprazole,15mg,Orodispersible tablet,Oral,04020102,Second-Generation Antipsychotic Drugs,February 2009,0,0,1
32076,10675311000001102,91139020,6350,Aripiprazole 10mg orodispersible tablets sugar free,Aripiprazole,10mg,Orodispersible tablet,Oral,04020102,Second-Generation Antipsychotic Drugs,February 2009,0,0,1
79893,33611211000001104,71082021,0,Quetiapine 25mg tablets (Viatris UK Healthcare Ltd),Quetiapine fumarate,25mg,Tablet,Oral,04020102,Second-Generation Antipsychotic Drugs,February 2020,0,0,1
70192,33391011000001100,70558021,4609,Quetiapine 20mg/ml oral suspension sugar free,Quetiapine fumarate,20mg/1ml,Oral suspension,Oral,04020102,Second-Generation Antipsychotic Drugs,September 2017,0,0,1
9475,429611000001104,73798020,10454,Risperdal 4mg tablets (Janssen-Cilag Ltd),Risperidone,4mg,Tablet,Oral,04020102,Second-Generation Antipsychotic Drugs,February 2009,0,0,1
71367,19607911000001100,78196020,126,Olanzapine 5mg orodispersible tablets sugar free (Accord-UK Ltd),Olanzapine,5mg,Orodispersible tablet,Oral,04020102/04020300,Second-Generation Antipsychotic Drugs/Products Used For Mania And Hypomania,January 2018,0,0,1
63598,7836211000001103,68228020,0,Amisulpride 400mg tablets (Zentiva Pharma UK Ltd),Amisulpride,400mg,Tablet,Oral,04020102,Second-Generation Antipsychotic Drugs,July 2015,0,0,1
57270,14015911000001104,35326020,152,Olanzapine 2.5mg/5ml oral suspension,Olanzapine,500microgram/1ml,Oral suspension,Oral,04020102/04020300,Second-Generation Antipsychotic Drugs/Products Used For Mania And Hypomania,September 2013,0,0,1
14112,3832011000001100,72577020,2361,Clozaril 100mg tablets (Viatris UK Healthcare Ltd),Clozapine,100mg,Tablet,Oral,04020102,Second-Generation Antipsychotic Drugs,February 2009,0,0,1
78578,28489111000001108,44275021,75,Aripiprazole 15mg tablets (A A H Pharmaceuticals Ltd),Aripiprazole,15mg,Tablet,Oral,04020102,Second-Generation Antipsychotic Drugs,November 2019,0,0,1
79488,18507611000001104,03539020,62,Risperidone 500microgram tablets (Almus Pharmaceuticals Ltd),Risperidone,500microgram,Tablet,Oral,04020102,Second-Generation Antipsychotic Drugs,December 2019,0,0,1
84574,16235411000001104,03496020,1,Risperdal 4mg tablets (Lexon (UK) Ltd),Risperidone,4mg,Tablet,Oral,04020102,Second-Generation Antipsychotic Drugs,September 2021,0,0,1
82417,20312811000001100,40529020,0,Olanzapine 2.5mg tablets (Sandoz Ltd),Olanzapine,2.5mg,Tablet,Oral,04020102/04020300,Second-Generation Antipsychotic Drugs/Products Used For Mania And Hypomania,January 2021,0,0,1
1320,321589009,53727020,963044,Risperidone 1mg tablets,Risperidone,1mg,Tablet,Oral,04020102,Second-Generation Antipsychotic Drugs,February 2009,0,0,1
44326,17689811000001108,98875020,2026,Seroquel XL 150mg tablets (Luye Pharma Ltd),Quetiapine fumarate,150mg,Modified-release tablet,Oral,04020102,Second-Generation Antipsychotic Drugs,January 2011,0,0,1
38912,426802009,94789020,97511,Quetiapine 200mg modified-release tablets,Quetiapine fumarate,200mg,Modified-release tablet,Oral,04020102,Second-Generation Antipsychotic Drugs,February 2009,0,0,1
46435,19210911000001100,99855020,1914,Xeplion 150mg/1.5ml prolonged-release suspension for injection pre-filled syringes (Janssen-Cilag Ltd),Paliperidone palmitate,100mg/1ml,Prolonged-release suspension for injection,Intramuscular,04020200,Antipsychotic Depot Injections,November 2011,0,0,1
40932,14018711000001108,97205020,1387,Quetiapine 100mg/5ml oral suspension,Quetiapine fumarate,20mg/1ml,Oral suspension,Oral,04020102,Second-Generation Antipsychotic Drugs,December 2009,0,0,1
40586,418754000,97145020,471,Clozapine 50mg tablets,Clozapine,50mg,Tablet,Oral,04020102,Second-Generation Antipsychotic Drugs,October 2009,0,0,1
63255,18466411000001108,03443020,8,Risperidone 1mg tablets (Accord-UK Ltd),Risperidone,1mg,Tablet,Oral,04020102,Second-Generation Antipsychotic Drugs,May 2015,0,0,1
41714,7835111000001103,68217020,155,Amisulpride 50mg tablets (Zentiva Pharma UK Ltd),Amisulpride,50mg,Tablet,Oral,04020102,Second-Generation Antipsychotic Drugs,March 2010,0,0,1
46705,13451111000001100,94973020,0,Abilify 9.75mg/1.3ml solution for injection vials (Otsuka Pharmaceuticals (U.K.) Ltd),Aripiprazole,7.5mg/1ml,Solution for injection,Intramuscular,04020102,Second-Generation Antipsychotic Drugs,January 2012,0,0,1
87786,35135811000001100,79516021,0,Aripiprazole 30mg tablets (Milpharm Ltd),Aripiprazole,30mg,Tablet,Oral,04020102,Second-Generation Antipsychotic Drugs,March 2023,0,0,1
55622,19626711000001104,38414020,19977,Olanzapine 10mg orodispersible tablets,Olanzapine,10mg,Orodispersible tablet,Oral,04020102/04020300,Second-Generation Antipsychotic Drugs/Products Used For Mania And Hypomania,June 2013,0,0,1
18024,467011000001109,83397020,8099,Zyprexa 5mg tablets (Eli Lilly and Company Ltd),Olanzapine,5mg,Tablet,Oral,04020102/04020300,Second-Generation Antipsychotic Drugs/Products Used For Mania And Hypomania,February 2009,0,0,1
51178,15452111000001102,36328020,225,Quetiapine 50mg/5ml oral suspension,Quetiapine fumarate,10mg/1ml,Oral suspension,Oral,04020102,Second-Generation Antipsychotic Drugs,January 2013,0,0,1
76775,36905011000001104,86799021,57,Olanzapine 2.5mg orodispersible tablets sugar free,Olanzapine,2.5mg,Orodispersible tablet,Oral,04020102/04020300,Second-Generation Antipsychotic Drugs/Products Used For Mania And Hypomania,July 2019,0,0,1
77098,23562011000001108,20183021,273,Risperidone 2mg tablets (Dexcel-Pharma Ltd),Risperidone,2mg,Tablet,Oral,04020102,Second-Generation Antipsychotic Drugs,July 2019,0,0,1
73439,13012111000001106,33608020,1,Quetiapine 150mg/5ml oral suspension,Quetiapine fumarate,30mg/1ml,Oral suspension,Oral,04020102,Second-Generation Antipsychotic Drugs,October 2018,0,0,1
5039,321625005,85204020,809431,Quetiapine 100mg tablets,Quetiapine fumarate,100mg,Tablet,Oral,04020102,Second-Generation Antipsychotic Drugs,February 2009,0,0,1
74864,19623311000001104,78323020,32,Olanzapine 15mg orodispersible tablets (Teva UK Ltd),Olanzapine,15mg,Orodispersible tablet,Oral,04020102/04020300,Second-Generation Antipsychotic Drugs/Products Used For Mania And Hypomania,February 2019,0,0,1
74855,19624211000001108,78326020,47,Olanzapine 20mg orodispersible tablets (Teva UK Ltd),Olanzapine,20mg,Orodispersible tablet,Oral,04020102/04020300,Second-Generation Antipsychotic Drugs/Products Used For Mania And Hypomania,February 2019,0,0,1
79911,19587711000001108,03583020,3,Zalasta 2.5mg tablets (Krka UK Ltd),Olanzapine,2.5mg,Tablet,Oral,04020102/04020300,Second-Generation Antipsychotic Drugs/Products Used For Mania And Hypomania,February 2020,0,0,1
41428,15505711000001104,97151020,83,Denzapine 200mg tablets (Britannia Pharmaceuticals Ltd),Clozapine,200mg,Tablet,Oral,04020102,Second-Generation Antipsychotic Drugs,March 2010,0,0,1
82933,39027411000001104,95965021,467,Quetiapine 600mg modified-release tablets,Quetiapine fumarate,600mg,Modified-release tablet,Oral,04020102,Second-Generation Antipsychotic Drugs,January 2021,0,0,1
77076,13095611000001106,10467020,3,Abilify 5mg tablets (Dowelhurst Ltd),Aripiprazole,5mg,Tablet,Oral,04020102,Second-Generation Antipsychotic Drugs,July 2019,0,0,1
85272,38743011000001110,94338021,0,Risperidone 250microgram tablets (Alliance Healthcare (Distribution) Ltd),Risperidone,250microgram,Tablet,Oral,04020102,Second-Generation Antipsychotic Drugs,December 2021,0,0,1
47103,19609311000001104,00723021,2501,Olanzapine 15mg orodispersible tablets sugar free,Olanzapine,15mg,Orodispersible tablet,Oral,04020102/04020300,Second-Generation Antipsychotic Drugs/Products Used For Mania And Hypomania,May 2012,0,0,1
51444,10982511000001108,13768020,0,Risperdal Consta 50mg powder and solvent for suspension for injection vials (Waymade Healthcare Plc),Risperidone,50mg,Powder and solvent for suspension for injection,Intramuscular,04020102,Second-Generation Antipsychotic Drugs,January 2013,0,0,1
64210,26655011000001108,31249021,112,Latuda 74mg tablets (CNX Therapeutics Ltd),Lurasidone hydrochloride,74mg,Tablet,Oral,04020102,Second-Generation Antipsychotic Drugs,September 2015,0,0,1
75650,33569011000001100,70703021,223,Brancico XL 200mg tablets (Zentiva Pharma UK Ltd),Quetiapine fumarate,200mg,Modified-release tablet,Oral,04020102,Second-Generation Antipsychotic Drugs,April 2019,0,0,1
78807,20009711000001104,40164020,7,Olanzapine 5mg orodispersible tablets (A A H Pharmaceuticals Ltd),Olanzapine,5mg,Orodispersible tablet,Oral,04020102/04020300,Second-Generation Antipsychotic Drugs/Products Used For Mania And Hypomania,November 2019,0,0,1
79313,32878911000001108,69848021,18,Paliperidone 175mg/0.875ml prolonged-release suspension for injection pre-filled syringes,Paliperidone palmitate,200mg/1ml,Prolonged-release suspension for injection,Intramuscular,04020200,Antipsychotic Depot Injections,December 2019,0,0,1
38885,14042811000001104,94787020,205868,Quetiapine 50mg modified-release tablets,Quetiapine fumarate,50mg,Modified-release tablet,Oral,04020102,Second-Generation Antipsychotic Drugs,February 2009,0,0,1
50214,19627011000001108,38420020,18815,Olanzapine 5mg orodispersible tablets,Olanzapine,5mg,Orodispersible tablet,Oral,04020102/04020300,Second-Generation Antipsychotic Drugs/Products Used For Mania And Hypomania,January 2013,0,0,1
84320,35611811000001108,81701021,6,Risperidone 250micrograms/5ml oral suspension,Risperidone,50microgram/1ml,Oral suspension,Oral,04020102,Second-Generation Antipsychotic Drugs,August 2021,0,0,1
63364,28411911000001108,44296021,17556,Zaluron XL 200mg tablets (Fontus Health Ltd),Quetiapine fumarate,200mg,Modified-release tablet,Oral,04020102,Second-Generation Antipsychotic Drugs,June 2015,0,0,1
77484,20365611000001108,41358020,0,Quetiapine 25mg tablets (A A H Pharmaceuticals Ltd),Quetiapine fumarate,25mg,Tablet,Oral,04020102,Second-Generation Antipsychotic Drugs,August 2019,0,0,1
66255,27842411000001104,31405021,14,Atrolak XL 200mg tablets (Accord-UK Ltd),Quetiapine fumarate,200mg,Modified-release tablet,Oral,04020102,Second-Generation Antipsychotic Drugs,June 2016,0,0,1
55625,8277511000001100,18970020,10,Amisulpride 50mg/5ml oral suspension,Amisulpride,10mg/1ml,Oral suspension,Oral,04020102,Second-Generation Antipsychotic Drugs,June 2013,0,0,1
51558,13466211000001108,35010020,3,Amisulpride 12.5mg/5ml oral suspension,Amisulpride,2.5mg/1ml,Oral suspension,Oral,04020102,Second-Generation Antipsychotic Drugs,January 2013,0,0,1
81233,37697711000001104,89967021,1,Clozapine 12.5mg orodispersible tablets sugar free,Clozapine,12.5mg,Orodispersible tablet,Oral,04020102,Second-Generation Antipsychotic Drugs,July 2020,0,0,1
81234,35179311000001108,79767021,19,Quetiapine 200mg tablets (Milpharm Ltd),Quetiapine fumarate,200mg,Tablet,Oral,04020102,Second-Generation Antipsychotic Drugs,July 2020,0,0,1
47256,321622008,00713021,981,Olanzapine 5mg oral lyophilisates sugar free,Olanzapine,5mg,Oral lyophilisate,Oral,00000000,Unknown,May 2012,0,0,1
61103,3434911000001100,38389020,557,Olanzapine 15mg oral lyophilisates sugar free,Olanzapine,15mg,Oral lyophilisate,Oral,04020102/04020300,Second-Generation Antipsychotic Drugs/Products Used For Mania And Hypomania,September 2014,0,0,1
53556,321623003,38834020,2338,Olanzapine 10mg oral lyophilisates sugar free,Olanzapine,10mg,Oral lyophilisate,Oral,04020102/04020300,Second-Generation Antipsychotic Drugs/Products Used For Mania And Hypomania,January 2013,0,0,1
38914,14025311000001108,95789020,6727,Seroquel XL 200mg tablets (Luye Pharma Ltd),Quetiapine fumarate,200mg,Modified-release tablet,Oral,04020102,Second-Generation Antipsychotic Drugs,February 2009,0,0,1
88460,33566911000001104,70700021,0,Aripiprazole 1mg/ml oral solution (Alliance Healthcare (Distribution) Ltd),Aripiprazole,1mg/1ml,Oral solution,Oral,04020102,Second-Generation Antipsychotic Drugs,July 2023,0,0,1
70313,30082811000001100,53394021,1,Quetiapine 100mg tablets (DE Pharmaceuticals),Quetiapine fumarate,100mg,Tablet,Oral,04020102,Second-Generation Antipsychotic Drugs,September 2017,0,0,1
56215,15452011000001104,36326020,101,Quetiapine 50mg/5ml oral solution,Quetiapine fumarate,10mg/1ml,Oral solution,Oral,04020102,Second-Generation Antipsychotic Drugs,August 2013,0,0,1
13888,897111000001104,78913020,3882,Zyprexa 10mg Velotabs (Eli Lilly and Company Ltd),Olanzapine,10mg,Oral lyophilisate,Oral,04020102/04020300,Second-Generation Antipsychotic Drugs/Products Used For Mania And Hypomania,February 2009,0,0,1
14344,406786007,88666020,302280,Aripiprazole 5mg tablets,Aripiprazole,5mg,Tablet,Oral,04020102,Second-Generation Antipsychotic Drugs,February 2009,0,0,1
86929,30664911000001108,54015021,1,Aripiprazole 5mg tablets (Aspire Pharma Ltd),Aripiprazole,5mg,Tablet,Oral,04020102,Second-Generation Antipsychotic Drugs,October 2022,0,0,1
64778,21714411000001104,46920020,2037,Sondate XL 150mg tablets (Teva UK Ltd),Quetiapine fumarate,150mg,Modified-release tablet,Oral,04020102,Second-Generation Antipsychotic Drugs,November 2015,0,0,1
2787,321592008,49489020,250623,Risperidone 4mg tablets,Risperidone,4mg,Tablet,Oral,04020102,Second-Generation Antipsychotic Drugs,February 2009,0,0,1
85613,19859711000001108,39301020,1,Risperdal 500microgram tablets (Lexon (UK) Ltd),Risperidone,500microgram,Tablet,Oral,04020102,Second-Generation Antipsychotic Drugs,February 2022,0,0,1
47233,8838911000001102,88804020,243,Zaponex 25mg tablets (Leyden Delta B.V.),Clozapine,25mg,Tablet,Oral,04020102,Second-Generation Antipsychotic Drugs,May 2012,0,0,1
47832,13120611000001100,74927020,47,Risperidone 500microgram tablets (A A H Pharmaceuticals Ltd),Risperidone,500microgram,Tablet,Oral,04020102,Second-Generation Antipsychotic Drugs,September 2012,0,0,1
46556,19223811000001108,99843020,3463,Paliperidone 75mg/0.75ml prolonged-release suspension for injection pre-filled syringes,Paliperidone palmitate,100mg/1ml,Prolonged-release suspension for injection,Intramuscular,04020200,Antipsychotic Depot Injections,December 2011,0,0,1
76933,21204711000001104,44476020,488,Risperdal Consta 25mg powder and solvent for suspension for injection vials (Waymade Healthcare Plc),Risperidone,25mg,Powder and solvent for suspension for injection,Intramuscular,04020102,Second-Generation Antipsychotic Drugs,July 2019,0,0,1
2786,321599004,49491020,54978,Risperidone 6mg tablets,Risperidone,6mg,Tablet,Oral,04020102,Second-Generation Antipsychotic Drugs,February 2009,0,0,1
87485,8923011000001100,69298020,0,Amisulpride 100mg tablets (A A H Pharmaceuticals Ltd),Amisulpride,100mg,Tablet,Oral,04020102,Second-Generation Antipsychotic Drugs,January 2023,0,0,1
83744,35657411000001104,81740021,18,Quetiapine 25mg tablets (Krka UK Ltd),Quetiapine fumarate,25mg,Tablet,Oral,04020102,Second-Generation Antipsychotic Drugs,April 2021,0,0,1
63494,13375311000001106,21135020,12,Risperidone 500microgram orodispersible tablets sugar free (A A H Pharmaceuticals Ltd),Risperidone,500microgram,Orodispersible tablet,Oral,04020102,Second-Generation Antipsychotic Drugs,June 2015,0,0,1
5040,39703111000001104,85207020,346984,Quetiapine 150mg tablets,Quetiapine fumarate,150mg,Tablet,Oral,04020102,Second-Generation Antipsychotic Drugs,February 2009,0,0,1
86048,38758911000001104,93936021,0,Aripiprazole 10mg tablets (Bristol Laboratories Ltd),Aripiprazole,10mg,Tablet,Oral,04020102,Second-Generation Antipsychotic Drugs,April 2022,0,0,1
84756,19610111000001100,00593021,1,Zalasta 15mg orodispersible tablets (Krka UK Ltd),Olanzapine,15mg,Orodispersible tablet,Oral,04020102/04020300,Second-Generation Antipsychotic Drugs/Products Used For Mania And Hypomania,October 2021,0,0,1
23431,5818311000001104,87556020,23,Olanzapine 10mg powder for solution for injection vials,Olanzapine,10mg,Powder for solution for injection,Intramuscular,04020102/04020300,Second-Generation Antipsychotic Drugs/Products Used For Mania And Hypomania,February 2009,0,0,1
63797,28411711000001108,44746021,9020,Zaluron XL 150mg tablets (Fontus Health Ltd),Quetiapine fumarate,150mg,Modified-release tablet,Oral,04020102,Second-Generation Antipsychotic Drugs,July 2015,0,0,1
44024,17828611000001100,98873020,48054,Quetiapine 150mg modified-release tablets,Quetiapine fumarate,150mg,Modified-release tablet,Oral,04020102,Second-Generation Antipsychotic Drugs,December 2010,0,0,1
46677,12873011000001100,74786020,38,Risperidone 500microgram tablets (Actavis UK Ltd),Risperidone,500microgram,Tablet,Oral,04020102,Second-Generation Antipsychotic Drugs,January 2012,0,0,1
72753,16234611000001102,03512020,0,Risperdal 1mg/ml oral solution (Lexon (UK) Ltd),Risperidone,1mg/1ml,Oral solution,Oral,04020102,Second-Generation Antipsychotic Drugs,August 2018,0,0,1
16986,4039211000001101,81545020,3337,Risperdal Quicklet 1mg orodispersible tablets (Janssen-Cilag Ltd),Risperidone,1mg,Orodispersible tablet,Oral,04020102,Second-Generation Antipsychotic Drugs,February 2009,0,0,1
70433,32868111000001104,69853021,182,Trevicta 350mg/1.75ml prolonged-release suspension for injection pre-filled syringes (Janssen-Cilag Ltd),Paliperidone palmitate,200mg/1ml,Prolonged-release suspension for injection,Intramuscular,04020200,Antipsychotic Depot Injections,October 2017,0,0,1
55870,251645001000027100,95125020,46,Quetiapine oral liquid,Quetiapine Fumarate,,,,04020100,Antipsychotic Products,August 2013,0,0,1
63389,28411511000001104,44733021,28274,Zaluron XL 50mg tablets (Fontus Health Ltd),Quetiapine fumarate,50mg,Modified-release tablet,Oral,04020102,Second-Generation Antipsychotic Drugs,June 2015,0,0,1
12666,4748511000001107,82827020,287,Sertindole 4mg tablets,Sertindole,4mg,Tablet,Oral,04020102,Second-Generation Antipsychotic Drugs,February 2009,0,0,1
77072,18507811000001100,03445020,2,Risperidone 1mg tablets (Almus Pharmaceuticals Ltd),Risperidone,1mg,Tablet,Oral,04020102,Second-Generation Antipsychotic Drugs,July 2019,0,0,1
77606,11749311000001100,93745020,55,Invega 3mg modified-release tablets (Janssen-Cilag Ltd),Paliperidone,3mg,Modified-release tablet,Oral,04020102,Second-Generation Antipsychotic Drugs,August 2019,0,0,1
57612,16243111000001108,11075020,26,Seroquel XL 400mg tablets (Lexon (UK) Ltd),Quetiapine fumarate,400mg,Modified-release tablet,Oral,04020102,Second-Generation Antipsychotic Drugs,October 2013,0,0,1
58854,19558611000001108,78187020,16,Olanzapine 10mg tablets (Actavis UK Ltd),Olanzapine,10mg,Tablet,Oral,04020102/04020300,Second-Generation Antipsychotic Drugs/Products Used For Mania And Hypomania,February 2014,0,0,1
49696,13012211000001100,33610020,276,Quetiapine 25mg/5ml oral solution,Quetiapine fumarate,5mg/1ml,Oral solution,Oral,04020102,Second-Generation Antipsychotic Drugs,January 2013,0,0,1
77027,21882311000001104,47251020,111,Risperidone 2mg tablets (Waymade Healthcare Plc),Risperidone,2mg,Tablet,Oral,04020102,Second-Generation Antipsychotic Drugs,July 2019,0,0,1
66427,21286911000001104,45159020,0,Quetiapine 25mg tablets (Accord-UK Ltd),Quetiapine fumarate,25mg,Tablet,Oral,04020102,Second-Generation Antipsychotic Drugs,June 2016,0,0,1
6573,406788008,87946020,254951,Aripiprazole 15mg tablets,Aripiprazole,15mg,Tablet,Oral,04020102,Second-Generation Antipsychotic Drugs,February 2009,0,0,1
55667,19559411000001104,78190020,11,Olanzapine 15mg tablets (Actavis UK Ltd),Olanzapine,15mg,Tablet,Oral,04020102/04020300,Second-Generation Antipsychotic Drugs/Products Used For Mania And Hypomania,June 2013,0,0,1
41702,7835611000001106,68222020,3,Amisulpride 100mg tablets (Zentiva Pharma UK Ltd),Amisulpride,100mg,Tablet,Oral,04020102,Second-Generation Antipsychotic Drugs,March 2010,0,0,1
62531,27842811000001100,31406021,54,Atrolak XL 400mg tablets (Accord-UK Ltd),Quetiapine fumarate,400mg,Modified-release tablet,Oral,04020102,Second-Generation Antipsychotic Drugs,March 2015,0,0,1
42242,15506311000001100,97153020,207,Clozapine 50mg/ml oral suspension sugar free,Clozapine,50mg/1ml,Oral suspension,Oral,04020102,Second-Generation Antipsychotic Drugs,May 2010,0,0,1
70219,19623611000001108,78317020,80,Olanzapine 5mg orodispersible tablets (Teva UK Ltd),Olanzapine,5mg,Orodispersible tablet,Oral,04020102/04020300,Second-Generation Antipsychotic Drugs/Products Used For Mania And Hypomania,September 2017,0,0,1
84004,35179511000001104,79854021,1,Quetiapine 300mg tablets (Milpharm Ltd),Quetiapine fumarate,300mg,Tablet,Oral,04020102,Second-Generation Antipsychotic Drugs,June 2021,0,0,1
5262,343311000001101,73799020,10287,Risperdal 1mg/ml oral solution (Janssen-Cilag Ltd),Risperidone,1mg/1ml,Oral solution,Oral,04020102,Second-Generation Antipsychotic Drugs,February 2009,0,0,1
58936,21248811000001108,44916020,19,Tenprolide XL 50mg tablets (Actavis UK Ltd),Quetiapine fumarate,50mg,Modified-release tablet,Oral,04020102,Second-Generation Antipsychotic Drugs,February 2014,0,0,1
84253,28623711000001100,44272021,0,Aripiprazole 5mg tablets (Teva UK Ltd),Aripiprazole,5mg,Tablet,Oral,04020102,Second-Generation Antipsychotic Drugs,July 2021,0,0,1
35589,11140911000001100,92721020,3162,Risperidone 4mg orodispersible tablets sugar free,Risperidone,4mg,Orodispersible tablet,Oral,04020102,Second-Generation Antipsychotic Drugs,February 2009,0,0,1
38080,10667211000001108,91149020,596,Abilify 1mg/ml oral solution (Otsuka Pharmaceuticals (U.K.) Ltd),Aripiprazole,1mg/1ml,Oral solution,Oral,04020102,Second-Generation Antipsychotic Drugs,February 2009,0,0,1
82946,35135211000001100,79512021,1,Aripiprazole 5mg tablets (Milpharm Ltd),Aripiprazole,5mg,Tablet,Oral,04020102,Second-Generation Antipsychotic Drugs,February 2021,0,0,1
5219,321591001,53729020,249974,Risperidone 3mg tablets,Risperidone,3mg,Tablet,Oral,04020102,Second-Generation Antipsychotic Drugs,February 2009,0,0,1
6850,376807001,59434020,264517,Olanzapine 15mg tablets,Olanzapine,15mg,Tablet,Oral,04020102/04020300,Second-Generation Antipsychotic Drugs/Products Used For Mania And Hypomania,February 2009,0,0,1
40779,14018611000001104,97203020,1514,Quetiapine 100mg/5ml oral solution,Quetiapine fumarate,20mg/1ml,Oral solution,Oral,04020102,Second-Generation Antipsychotic Drugs,November 2009,0,0,1
82434,20894411000001104,42172020,0,Risperidone 3mg tablets (Sandoz Ltd),Risperidone,3mg,Tablet,Oral,04020102,Second-Generation Antipsychotic Drugs,January 2021,0,0,1
81871,37697911000001110,89974021,2,Clozapine 25mg orodispersible tablets sugar free,Clozapine,25mg,Orodispersible tablet,Oral,04020102,Second-Generation Antipsychotic Drugs,September 2020,0,0,1
82074,33569711000001104,70921021,259,Brancico XL 150mg tablets (Zentiva Pharma UK Ltd),Quetiapine fumarate,150mg,Modified-release tablet,Oral,04020102,Second-Generation Antipsychotic Drugs,November 2020,0,0,1
62463,26654711000001104,31247021,258,Latuda 37mg tablets (CNX Therapeutics Ltd),Lurasidone hydrochloride,37mg,Tablet,Oral,04020102,Second-Generation Antipsychotic Drugs,March 2015,0,0,1
80449,19186611000001108,03631020,0,Amisulpride 50mg tablets (Milpharm Ltd),Amisulpride,50mg,Tablet,Oral,04020102,Second-Generation Antipsychotic Drugs,April 2020,0,0,1
68346,19588711000001108,09809020,5,Zalasta 20mg tablets (Krka UK Ltd),Olanzapine,20mg,Tablet,Oral,04020102/04020300,Second-Generation Antipsychotic Drugs/Products Used For Mania And Hypomania,December 2016,0,0,1
56577,3434911000001100,38868020,386,Olanzapine 15mg oral lyophilisates sugar free,Olanzapine,15mg,Oral lyophilisate,Oral,00000000,Unknown,August 2013,0,0,1
63351,28401011000001108,44295021,12657,Biquelle XL 200mg tablets (Aspire Pharma Ltd),Quetiapine fumarate,200mg,Modified-release tablet,Oral,04020102,Second-Generation Antipsychotic Drugs,June 2015,0,0,1
87756,37688211000001104,89971021,2,Zaponex 100mg orodispersible tablets (Leyden Delta B.V.),Clozapine,100mg,Orodispersible tablet,Oral,04020102,Second-Generation Antipsychotic Drugs,March 2023,0,0,1
70542,19682711000001104,38400020,4,Olanzapine 5mg orodispersible tablets sugar free (Alliance Healthcare (Distribution) Ltd),Olanzapine,5mg,Orodispersible tablet,Oral,04020102/04020300,Second-Generation Antipsychotic Drugs/Products Used For Mania And Hypomania,October 2017,0,0,1
38913,14026511000001104,95787020,9471,Seroquel XL 50mg tablets (Luye Pharma Ltd),Quetiapine fumarate,50mg,Modified-release tablet,Oral,04020102,Second-Generation Antipsychotic Drugs,February 2009,0,0,1
52001,19543711000001108,03580020,0,Olanzapine 2.5mg tablets (Aspire Pharma Ltd),Olanzapine,2.5mg,Tablet,Oral,04020102/04020300,Second-Generation Antipsychotic Drugs/Products Used For Mania And Hypomania,January 2013,0,0,1
79436,19559811000001100,78193020,2,Olanzapine 20mg tablets (Actavis UK Ltd),Olanzapine,20mg,Tablet,Oral,04020102/04020300,Second-Generation Antipsychotic Drugs/Products Used For Mania And Hypomania,December 2019,0,0,1
14767,4167011000001101,82616020,18775,Risperdal Consta 50mg powder and solvent for suspension for injection vials (Janssen-Cilag Ltd),Risperidone,50mg,Powder and solvent for suspension for injection,Intramuscular,04020102,Second-Generation Antipsychotic Drugs,February 2009,0,0,1
29540,374054003,92053020,278859,Olanzapine 20mg tablets,Olanzapine,20mg,Tablet,Oral,04020102/04020300,Second-Generation Antipsychotic Drugs/Products Used For Mania And Hypomania,February 2009,0,0,1
69544,27842211000001100,40470021,141,Atrolak XL 50mg tablets (Accord-UK Ltd),Quetiapine fumarate,50mg,Modified-release tablet,Oral,04020102,Second-Generation Antipsychotic Drugs,May 2017,0,0,1
74902,19610411000001104,38394020,14,Zalasta 20mg orodispersible tablets (Krka UK Ltd),Olanzapine,20mg,Orodispersible tablet,Oral,04020102/04020300,Second-Generation Antipsychotic Drugs/Products Used For Mania And Hypomania,February 2019,0,0,1
65493,14770711000001104,75993020,0,Risperidone 1mg tablets (Wockhardt UK Ltd),Risperidone,1mg,Tablet,Oral,04020102,Second-Generation Antipsychotic Drugs,February 2016,0,0,1
54346,12885511000001100,74841020,0,Risperidone 1mg tablets (Teva UK Ltd),Risperidone,1mg,Tablet,Oral,04020102,Second-Generation Antipsychotic Drugs,March 2013,0,0,1
38375,13456411000001100,94971020,34,Aripiprazole 9.75mg/1.3ml solution for injection vials,Aripiprazole,7.5mg/1ml,Solution for injection,Intramuscular,04020102,Second-Generation Antipsychotic Drugs,February 2009,0,0,1
73656,18508111000001108,78598020,0,Risperidone 2mg tablets (Almus Pharmaceuticals Ltd),Risperidone,2mg,Tablet,Oral,00000000,Unknown,November 2018,0,0,1
57613,17594611000001104,35377020,1,Seroquel XL 50mg tablets (Sigma Pharmaceuticals Plc),Quetiapine fumarate,50mg,Modified-release tablet,Oral,04020102,Second-Generation Antipsychotic Drugs,October 2013,0,0,1
63133,28400411000001108,44745021,7404,Biquelle XL 150mg tablets (Aspire Pharma Ltd),Quetiapine fumarate,150mg,Modified-release tablet,Oral,04020102,Second-Generation Antipsychotic Drugs,May 2015,0,0,1
76428,18507811000001100,78593020,0,Risperidone 1mg tablets (Almus Pharmaceuticals Ltd),Risperidone,1mg,Tablet,Oral,00000000,Unknown,May 2019,0,0,1
58425,18612411000001108,35378020,4,Seroquel XL 50mg tablets (DE Pharmaceuticals),Quetiapine fumarate,50mg,Modified-release tablet,Oral,04020102,Second-Generation Antipsychotic Drugs,December 2013,0,0,1
24358,7637111000001104,87950020,7750,Abilify 10mg tablets (Otsuka Pharmaceuticals (U.K.) Ltd),Aripiprazole,10mg,Tablet,Oral,04020102,Second-Generation Antipsychotic Drugs,February 2009,0,0,1
81345,19838811000001108,38966020,0,Olanzapine 5mg tablets (Viatris UK Healthcare Ltd),Olanzapine,5mg,Tablet,Oral,04020102/04020300,Second-Generation Antipsychotic Drugs/Products Used For Mania And Hypomania,July 2020,0,0,1
77644,32879011000001100,69850021,49,Paliperidone 263mg/1.315ml prolonged-release suspension for injection pre-filled syringes,Paliperidone palmitate,200mg/1ml,Prolonged-release suspension for injection,Intramuscular,04020200,Antipsychotic Depot Injections,August 2019,0,0,1
23162,4732011000001101,82837020,23,Serdolect 16mg tablets (Imported (Denmark)),Sertindole,16mg,Tablet,Oral,04020102,Second-Generation Antipsychotic Drugs,February 2009,0,0,1
70122,32868411000001108,69855021,115,Trevicta 525mg/2.625ml prolonged-release suspension for injection pre-filled syringes (Janssen-Cilag Ltd),Paliperidone palmitate,200mg/1ml,Prolonged-release suspension for injection,Intramuscular,04020200,Antipsychotic Depot Injections,September 2017,0,0,1
85915,39156911000001110,96924021,0,Quetiapine 25mg tablets (Aristo Pharma Ltd),Quetiapine fumarate,25mg,Tablet,Oral,04020102,Second-Generation Antipsychotic Drugs,April 2022,0,0,1
81975,37331611000001104,87728021,0,Risperidone 500microgram tablets (Relonchem Ltd),Risperidone,500microgram,Tablet,Oral,04020102,Second-Generation Antipsychotic Drugs,October 2020,0,0,1
69787,21249511000001100,44454020,1,Tenprolide XL 300mg tablets (Actavis UK Ltd),Quetiapine fumarate,300mg,Modified-release tablet,Oral,04020102,Second-Generation Antipsychotic Drugs,June 2017,0,0,1
80487,30777011000001100,57448021,0,Aripiprazole 5mg tablets (Sandoz Ltd),Aripiprazole,5mg,Tablet,Oral,04020102,Second-Generation Antipsychotic Drugs,April 2020,0,0,1
46436,19210011000001104,99851020,428,Xeplion 75mg/0.75ml prolonged-release suspension for injection pre-filled syringes (Janssen-Cilag Ltd),Paliperidone palmitate,100mg/1ml,Prolonged-release suspension for injection,Intramuscular,04020200,Antipsychotic Depot Injections,November 2011,0,0,1
82582,5409111000001104,03604020,23,Seroquel 100mg tablets (Waymade Healthcare Plc),Quetiapine fumarate,100mg,Tablet,Oral,04020102,Second-Generation Antipsychotic Drugs,January 2021,0,0,1
83460,18508311000001104,78601020,0,Risperidone 3mg tablets (Almus Pharmaceuticals Ltd),Risperidone,3mg,Tablet,Oral,00000000,Unknown,April 2021,0,0,1
26544,2841911000001104,80154020,310,Solian 100 tablets (Sanofi),Amisulpride,100mg,Tablet,Oral,04020102,Second-Generation Antipsychotic Drugs,February 2009,0,0,1
71734,17039011000001100,98335020,9,Zypadhera 405mg powder and solvent for suspension for injection vials (Eli Lilly and Company Ltd),Olanzapine embonate monohydrate,405mg,Powder and solvent for suspension for injection,Intramuscular,04020102/04020200,Second-Generation Antipsychotic Drugs/Antipsychotic Depot Injections,April 2018,0,0,1
56193,321622008,38833020,1349,Olanzapine 5mg oral lyophilisates sugar free,Olanzapine,5mg,Oral lyophilisate,Oral,00000000,Unknown,August 2013,0,0,1
61747,25804911000001104,27359021,2766,Ebesque XL 300mg tablets (Ethypharm UK Ltd),Quetiapine fumarate,300mg,Modified-release tablet,Oral,04020102,Second-Generation Antipsychotic Drugs,December 2014,0,0,1
84005,35178911000001100,79766021,1,Quetiapine 100mg tablets (Milpharm Ltd),Quetiapine fumarate,100mg,Tablet,Oral,04020102,Second-Generation Antipsychotic Drugs,June 2021,0,0,1
63087,28400611000001104,44293021,14938,Biquelle XL 300mg tablets (Aspire Pharma Ltd),Quetiapine fumarate,300mg,Modified-release tablet,Oral,04020102,Second-Generation Antipsychotic Drugs,May 2015,0,0,1
86782,36459811000001104,83262021,2,Olanzapine 5mg/5ml oral suspension,Olanzapine,1mg/1ml,Oral suspension,Oral,04020102/04020300,Second-Generation Antipsychotic Drugs/Products Used For Mania And Hypomania,September 2022,0,0,1
21964,776911000001109,83398020,803,Zyprexa 7.5mg tablets (Eli Lilly and Company Ltd),Olanzapine,7.5mg,Tablet,Oral,04020102/04020300,Second-Generation Antipsychotic Drugs/Products Used For Mania And Hypomania,February 2009,0,0,1
78913,37249011000001104,88563021,1184,Aripiprazole 1mg/ml oral solution sugar free,Aripiprazole,1mg/1ml,Oral solution,Oral,04020102,Second-Generation Antipsychotic Drugs,December 2019,0,0,1
63155,19558411000001104,78184020,46,Olanzapine 7.5mg tablets (Actavis UK Ltd),Olanzapine,7.5mg,Tablet,Oral,04020102/04020300,Second-Generation Antipsychotic Drugs/Products Used For Mania And Hypomania,May 2015,0,0,1
17050,4748411000001108,82831020,97,Sertindole 20mg tablets,Sertindole,20mg,Tablet,Oral,04020102,Second-Generation Antipsychotic Drugs,February 2009,0,0,1
61746,25806011000001104,27361021,1816,Ebesque XL 400mg tablets (Ethypharm UK Ltd),Quetiapine fumarate,400mg,Modified-release tablet,Oral,04020102,Second-Generation Antipsychotic Drugs,December 2014,0,0,1
67334,16202711000001108,35374020,26,Seroquel XL 50mg tablets (Waymade Healthcare Plc),Quetiapine fumarate,50mg,Modified-release tablet,Oral,04020102,Second-Generation Antipsychotic Drugs,August 2016,0,0,1
19976,511111000001106,58203020,684,Zyprexa 15mg tablets (Eli Lilly and Company Ltd),Olanzapine,15mg,Tablet,Oral,04020102/04020300,Second-Generation Antipsychotic Drugs/Products Used For Mania And Hypomania,February 2009,0,0,1
8047,321574000,72581020,19721,Clozapine 100mg tablets,Clozapine,100mg,Tablet,Oral,04020102,Second-Generation Antipsychotic Drugs,February 2009,0,0,1
18132,9037911000001102,88668020,5614,Abilify 5mg tablets (Otsuka Pharmaceuticals (U.K.) Ltd),Aripiprazole,5mg,Tablet,Oral,04020102,Second-Generation Antipsychotic Drugs,February 2009,0,0,1
47083,19626911000001108,00731021,2223,Olanzapine 20mg orodispersible tablets,Olanzapine,20mg,Orodispersible tablet,Oral,00000000,Unknown,May 2012,0,0,1
64957,30172711000001108,53389021,94,Risperidone 1mg/ml oral solution sugar free (Rosemont Pharmaceuticals Ltd),Risperidone,1mg/1ml,Oral solution,Oral,04020102,Second-Generation Antipsychotic Drugs,December 2015,0,0,1
38937,14026011000001102,95791020,14039,Seroquel XL 300mg tablets (Luye Pharma Ltd),Quetiapine fumarate,300mg,Modified-release tablet,Oral,04020102,Second-Generation Antipsychotic Drugs,February 2009,0,0,1
46889,8277211000001103,00411021,282,Amisulpride 25mg/5ml oral solution,Amisulpride,5mg/1ml,Oral solution,Oral,04020102,Second-Generation Antipsychotic Drugs,March 2012,0,0,1
55661,13118411000001106,03430020,0,Risperidone 1mg tablets (Kent Pharma (UK) Ltd),Risperidone,1mg,Tablet,Oral,04020102,Second-Generation Antipsychotic Drugs,June 2013,0,0,1
19900,4748311000001101,82829020,103,Sertindole 16mg tablets,Sertindole,16mg,Tablet,Oral,04020102,Second-Generation Antipsychotic Drugs,February 2009,0,0,1
57217,14401311000001106,75903020,0,Risperidone 1mg tablets (Viatris UK Healthcare Ltd),Risperidone,1mg,Tablet,Oral,04020102,Second-Generation Antipsychotic Drugs,September 2013,0,0,1
69635,28995811000001100,48126021,465,Mintreleq XL 400mg tablets (Aristo Pharma Ltd),Quetiapine fumarate,400mg,Modified-release tablet,Oral,04020102,Second-Generation Antipsychotic Drugs,June 2017,0,0,1
56647,20438511000001104,41448020,0,Quetiapine 300mg tablets (Arrow Generics Ltd),Quetiapine fumarate,300mg,Tablet,Oral,04020102,Second-Generation Antipsychotic Drugs,August 2013,0,0,1
82409,20891211000001104,42171020,0,Risperidone 2mg tablets (Sandoz Ltd),Risperidone,2mg,Tablet,Oral,04020102,Second-Generation Antipsychotic Drugs,January 2021,0,0,1
64484,22635511000001100,17111021,83,Quetiapine 200mg/5ml oral suspension,Quetiapine fumarate,40mg/1ml,Oral suspension,Oral,04020102,Second-Generation Antipsychotic Drugs,October 2015,0,0,1
37606,10664611000001100,91145020,110,Abilify 10mg orodispersible tablets (Otsuka Pharmaceuticals (U.K.) Ltd),Aripiprazole,10mg,Orodispersible tablet,Oral,04020102,Second-Generation Antipsychotic Drugs,February 2009,0,0,1
47152,19626811000001104,00725021,913,Olanzapine 15mg orodispersible tablets,Olanzapine,15mg,Orodispersible tablet,Oral,00000000,Unknown,May 2012,0,0,1
83661,38913211000001104,95991021,139,Risperidone 250microgram tablets (Zentiva Pharma UK Ltd),Risperidone,250microgram,Tablet,Oral,04020102,Second-Generation Antipsychotic Drugs,April 2021,0,0,1
3281,321612002,83403020,1161814,Olanzapine 5mg tablets,Olanzapine,5mg,Tablet,Oral,04020102/04020300,Second-Generation Antipsychotic Drugs/Products Used For Mania And Hypomania,February 2009,0,0,1
16006,4039711000001108,77501020,3347,Risperdal Quicklet 2mg orodispersible tablets (Janssen-Cilag Ltd),Risperidone,2mg,Orodispersible tablet,Oral,04020102,Second-Generation Antipsychotic Drugs,February 2009,0,0,1
61075,23636811000001104,21594021,599,Abilify Maintena 400mg powder and solvent for prolonged-release suspension for injection vials (Otsuka Pharmaceuticals (U.K.) Ltd),Aripiprazole,400mg,Powder and solvent for suspension for injection,Intramuscular,04020102,Second-Generation Antipsychotic Drugs,September 2014,0,0,1
71670,19564211000001104,03548020,1,Olanzapine 5mg tablets (Alliance Healthcare (Distribution) Ltd),Olanzapine,5mg,Tablet,Oral,04020102/04020300,Second-Generation Antipsychotic Drugs/Products Used For Mania And Hypomania,February 2018,0,0,1
7382,9045911000001108,88875020,23316,Risperidone 500microgram orodispersible tablets sugar free,Risperidone,500microgram,Orodispersible tablet,Oral,04020102,Second-Generation Antipsychotic Drugs,February 2009,0,0,1
16434,4559111000001109,86494020,7115,Risperidone 25mg powder and solvent for suspension for injection vials,Risperidone,25mg,Powder and solvent for suspension for injection,Intramuscular,04020102,Second-Generation Antipsychotic Drugs,February 2009,0,0,1
21709,4989111000001106,87047020,3466,Seroquel 300mg tablets (Luye Pharma Ltd),Quetiapine fumarate,300mg,Tablet,Oral,04020102,Second-Generation Antipsychotic Drugs,February 2009,0,0,1
9794,321626006,85206020,555363,Quetiapine 200mg tablets,Quetiapine fumarate,200mg,Tablet,Oral,04020102,Second-Generation Antipsychotic Drugs,February 2009,0,0,1
65321,12885311000001106,74836020,2,Risperidone 500microgram tablets (Teva UK Ltd),Risperidone,500microgram,Tablet,Oral,04020102,Second-Generation Antipsychotic Drugs,January 2016,0,0,1
56072,19626911000001108,38418020,10481,Olanzapine 20mg orodispersible tablets,Olanzapine,20mg,Orodispersible tablet,Oral,04020102/04020300,Second-Generation Antipsychotic Drugs/Products Used For Mania And Hypomania,August 2013,0,0,1
4820,589911000001105,49437020,44319,Risperdal 1mg tablets (Janssen-Cilag Ltd),Risperidone,1mg,Tablet,Oral,04020102,Second-Generation Antipsychotic Drugs,February 2009,0,0,1
87034,35135611000001104,79515021,14,Aripiprazole 15mg tablets (Milpharm Ltd),Aripiprazole,15mg,Tablet,Oral,04020102,Second-Generation Antipsychotic Drugs,November 2022,0,0,1
9340,518911000001100,49439020,10528,Risperdal 3mg tablets (Janssen-Cilag Ltd),Risperidone,3mg,Tablet,Oral,04020102,Second-Generation Antipsychotic Drugs,February 2009,0,0,1
87757,37688811000001104,89960021,2,Zaponex 200mg orodispersible tablets (Leyden Delta B.V.),Clozapine,200mg,Orodispersible tablet,Oral,04020102,Second-Generation Antipsychotic Drugs,March 2023,0,0,1
25336,321643009,50781020,682,Zotepine 50mg tablets,Zotepine,50mg,Tablet,Oral,04020100,Antipsychotic Products,February 2009,0,0,1
85686,20161711000001108,40536020,17,Quetiapine 200mg tablets (Teva UK Ltd),Quetiapine fumarate,200mg,Tablet,Oral,04020102,Second-Generation Antipsychotic Drugs,February 2022,0,0,1
17504,321642004,50780020,809,Zotepine 25mg tablets,Zotepine,25mg,Tablet,Oral,04020100,Antipsychotic Products,February 2009,0,0,1
52076,13466111000001104,35008020,32,Amisulpride 12.5mg/5ml oral solution,Amisulpride,2.5mg/1ml,Oral solution,Oral,04020102,Second-Generation Antipsychotic Drugs,January 2013,0,0,1
77885,36905111000001104,86801021,8,Olanzapine 7.5mg orodispersible tablets sugar free,Olanzapine,7.5mg,Orodispersible tablet,Oral,04020102/04020300,Second-Generation Antipsychotic Drugs/Products Used For Mania And Hypomania,August 2019,0,0,1
80863,13012011000001104,33606020,1,Quetiapine 150mg/5ml oral solution,Quetiapine fumarate,30mg/1ml,Oral solution,Oral,04020102,Second-Generation Antipsychotic Drugs,June 2020,0,0,1
59548,13126011000001106,03450020,1,Risperidone 2mg tablets (Alliance Healthcare (Distribution) Ltd),Risperidone,2mg,Tablet,Oral,04020102,Second-Generation Antipsychotic Drugs,April 2014,0,0,1
37501,11763411000001100,93743020,935,Paliperidone 9mg modified-release tablets,Paliperidone,9mg,Modified-release tablet,Oral,04020102,Second-Generation Antipsychotic Drugs,February 2009,0,0,1
87450,39085011000001104,95992021,7,Risperidone 250microgram tablets (A A H Pharmaceuticals Ltd),Risperidone,250microgram,Tablet,Oral,04020102,Second-Generation Antipsychotic Drugs,January 2023,0,0,1
65472,13656811000001100,75389020,1,Risperidone 3mg orodispersible tablets sugar free (A A H Pharmaceuticals Ltd),Risperidone,3mg,Orodispersible tablet,Oral,04020102,Second-Generation Antipsychotic Drugs,February 2016,0,0,1
11799,153111000001109,73800020,1735,Risperdal 6mg tablets (Janssen-Cilag Ltd),Risperidone,6mg,Tablet,Oral,04020102,Second-Generation Antipsychotic Drugs,February 2009,0,0,1
72822,10476311000001104,10466020,0,Abilify 5mg tablets (Waymade Healthcare Plc),Aripiprazole,5mg,Tablet,Oral,04020102,Second-Generation Antipsychotic Drugs,August 2018,0,0,1
72543,18466711000001100,03462020,0,Risperidone 2mg tablets (Accord-UK Ltd),Risperidone,2mg,Tablet,Oral,04020102,Second-Generation Antipsychotic Drugs,July 2018,0,0,1
83575,27483311000001104,31336021,4,Quetiapine 100mg tablets (Lupin Healthcare (UK) Ltd),Quetiapine fumarate,100mg,Tablet,Oral,04020102,Second-Generation Antipsychotic Drugs,April 2021,0,0,1
60842,20360711000001104,40535020,0,Quetiapine 100mg tablets (Alliance Healthcare (Distribution) Ltd),Quetiapine fumarate,100mg,Tablet,Oral,04020102,Second-Generation Antipsychotic Drugs,August 2014,0,0,1
71594,32391411000001104,65944021,1,Aripiprazole 7.5mg/ml oral solution,Aripiprazole,7.5mg/1ml,Oral solution,Oral,04020102,Second-Generation Antipsychotic Drugs,February 2018,0,0,1
63833,19920211000001104,39305020,0,Olanzapine 2.5mg tablets (Zentiva Pharma UK Ltd),Olanzapine,2.5mg,Tablet,Oral,04020102/04020300,Second-Generation Antipsychotic Drugs/Products Used For Mania And Hypomania,July 2015,0,0,1
30487,7972911000001104,88167020,287,Denzapine 25mg tablets (Britannia Pharmaceuticals Ltd),Clozapine,25mg,Tablet,Oral,04020102,Second-Generation Antipsychotic Drugs,February 2009,0,0,1
70312,20366211000001100,41366020,1,Quetiapine 200mg tablets (A A H Pharmaceuticals Ltd),Quetiapine fumarate,200mg,Tablet,Oral,04020102,Second-Generation Antipsychotic Drugs,September 2017,0,0,1
79430,14129411000001108,76793020,0,Risperidone 500microgram orodispersible tablets sugar free (Krka UK Ltd),Risperidone,500microgram,Orodispersible tablet,Oral,04020102,Second-Generation Antipsychotic Drugs,December 2019,0,0,1
6109,254011000001107,86001020,268,Solian 400 tablets (Sanofi),Amisulpride,400mg,Tablet,Oral,04020102,Second-Generation Antipsychotic Drugs,February 2009,0,0,1
85703,20966511000001104,42246020,0,Amisulpride 100mg/ml oral solution sugar free (Advanz Pharma),Amisulpride,100mg/1ml,Oral solution,Oral,04020102,Second-Generation Antipsychotic Drugs,March 2022,0,0,1
56143,19626811000001104,38416020,5892,Olanzapine 15mg orodispersible tablets,Olanzapine,15mg,Orodispersible tablet,Oral,04020102/04020300,Second-Generation Antipsychotic Drugs/Products Used For Mania And Hypomania,August 2013,0,0,1
57114,16252911000001104,10470020,1,Abilify 5mg tablets (Mawdsley-Brooks & Company Ltd),Aripiprazole,5mg,Tablet,Oral,04020102,Second-Generation Antipsychotic Drugs,September 2013,0,0,1
35141,11140811000001104,92717020,3946,Risperidone 3mg orodispersible tablets sugar free,Risperidone,3mg,Orodispersible tablet,Oral,04020102,Second-Generation Antipsychotic Drugs,February 2009,0,0,1
76560,16235011000001108,03458020,0,Risperdal 2mg tablets (Lexon (UK) Ltd),Risperidone,2mg,Tablet,Oral,04020102,Second-Generation Antipsychotic Drugs,June 2019,0,0,1
6524,400645002,80139020,158899,Amisulpride 100mg tablets,Amisulpride,100mg,Tablet,Oral,04020102,Second-Generation Antipsychotic Drugs,February 2009,0,0,1
46351,19223611000001104,99847020,6096,Paliperidone 150mg/1.5ml prolonged-release suspension for injection pre-filled syringes,Paliperidone palmitate,100mg/1ml,Prolonged-release suspension for injection,Intramuscular,04020200,Antipsychotic Depot Injections,October 2011,0,0,1
5283,321624009,85203020,2384797,Quetiapine 25mg tablets,Quetiapine fumarate,25mg,Tablet,Oral,04020102,Second-Generation Antipsychotic Drugs,February 2009,0,0,1
63511,12873211000001104,74789020,0,Risperidone 1mg tablets (Actavis UK Ltd),Risperidone,1mg,Tablet,Oral,04020102,Second-Generation Antipsychotic Drugs,June 2015,0,0,1
6373,4054011000001109,79476020,15322,Risperidone 1mg orodispersible tablets sugar free,Risperidone,1mg,Orodispersible tablet,Oral,04020102,Second-Generation Antipsychotic Drugs,February 2009,0,0,1
80862,13844611000001104,35198020,2,Quetiapine 75mg/5ml oral suspension,Quetiapine fumarate,15mg/1ml,Oral suspension,Oral,04020102,Second-Generation Antipsychotic Drugs,June 2020,0,0,1
21199,7974011000001109,88169020,1017,Denzapine 100mg tablets (Britannia Pharmaceuticals Ltd),Clozapine,100mg,Tablet,Oral,04020102,Second-Generation Antipsychotic Drugs,February 2009,0,0,1
69637,28995111000001108,48125021,214,Mintreleq XL 200mg tablets (Aristo Pharma Ltd),Quetiapine fumarate,200mg,Modified-release tablet,Oral,04020102,Second-Generation Antipsychotic Drugs,June 2017,0,0,1
59215,21706311000001104,46791020,0,Quetiapine 150mg tablets (Ranbaxy (UK) Ltd),Quetiapine fumarate,150mg,Tablet,Oral,04020102,Second-Generation Antipsychotic Drugs,March 2014,0,0,1
74591,27842611000001104,31404021,96,Atrolak XL 300mg tablets (Accord-UK Ltd),Quetiapine fumarate,300mg,Modified-release tablet,Oral,04020102,Second-Generation Antipsychotic Drugs,February 2019,0,0,1
14717,91711000001108,78912020,3278,Zyprexa 5mg Velotabs (Eli Lilly and Company Ltd),Olanzapine,5mg,Oral lyophilisate,Oral,04020102/04020300,Second-Generation Antipsychotic Drugs/Products Used For Mania And Hypomania,February 2009,0,0,1
75605,15377111000001108,76530020,0,Amisulpride 200mg tablets (Teva UK Ltd),Amisulpride,200mg,Tablet,Oral,04020102,Second-Generation Antipsychotic Drugs,April 2019,0,0,1
46224,19223711000001100,99841020,1402,Paliperidone 50mg/0.5ml prolonged-release suspension for injection pre-filled syringes,Paliperidone palmitate,100mg/1ml,Prolonged-release suspension for injection,Intramuscular,04020200,Antipsychotic Depot Injections,October 2011,0,0,1
51240,16101811000001106,36905020,11,Risperidone 125micrograms/5ml oral solution,Risperidone,25microgram/1ml,Oral solution,Oral,04020102,Second-Generation Antipsychotic Drugs,January 2013,0,0,1
69511,19561511000001104,78307020,6,Olanzapine 10mg tablets (Teva UK Ltd),Olanzapine,10mg,Tablet,Oral,04020102/04020300,Second-Generation Antipsychotic Drugs/Products Used For Mania And Hypomania,May 2017,0,0,1
70992,21706111000001104,46789020,0,Quetiapine 100mg tablets (Ranbaxy (UK) Ltd),Quetiapine fumarate,100mg,Tablet,Oral,04020102,Second-Generation Antipsychotic Drugs,December 2017,0,0,1
47498,386213008,00733021,210,Olanzapine 20mg oral lyophilisates sugar free,Olanzapine,20mg,Oral lyophilisate,Oral,00000000,Unknown,July 2012,0,0,1
57160,321622008,38397020,2040,Olanzapine 5mg oral lyophilisates sugar free,Olanzapine,5mg,Oral lyophilisate,Oral,04020102/04020300,Second-Generation Antipsychotic Drugs/Products Used For Mania And Hypomania,September 2013,0,0,1
62943,28400811000001104,44298021,11094,Biquelle XL 400mg tablets (Aspire Pharma Ltd),Quetiapine fumarate,400mg,Modified-release tablet,Oral,04020102,Second-Generation Antipsychotic Drugs,April 2015,0,0,1
87124,19716711000001104,38783020,8,Olanzapine 5mg orodispersible tablets sugar free (Dr Reddy's Laboratories (UK) Ltd),Olanzapine,5mg,Orodispersible tablet,Oral,04020102/04020300,Second-Generation Antipsychotic Drugs/Products Used For Mania And Hypomania,November 2022,0,0,1
16575,417374006,91143020,19938,Aripiprazole 1mg/ml oral solution,Aripiprazole,1mg/1ml,Oral solution,Oral,04020102,Second-Generation Antipsychotic Drugs,February 2009,0,0,1
66479,31087211000001108,60889021,4473,Aripiprazole 400mg powder and solvent for suspension for injection pre-filled syringes,Aripiprazole,400mg,Powder and solvent for suspension for injection,Intramuscular,04020102,Second-Generation Antipsychotic Drugs,June 2016,0,0,1
38840,426954000,94793020,105848,Quetiapine 400mg modified-release tablets,Quetiapine fumarate,400mg,Modified-release tablet,Oral,04020102,Second-Generation Antipsychotic Drugs,February 2009,0,0,1
86747,15159911000001108,76395020,8,Risperidone 500microgram orodispersible tablets sugar free (Viatris UK Healthcare Ltd),Risperidone,500microgram,Orodispersible tablet,Oral,04020102,Second-Generation Antipsychotic Drugs,September 2022,0,0,1
87975,13153411000001106,75043020,1,Risperidone 1mg/ml oral solution sugar free (Teva UK Ltd),Risperidone,1mg/1ml,Oral solution,Oral,04020102,Second-Generation Antipsychotic Drugs,April 2023,0,0,1
14859,596211000001109,85212020,25911,Seroquel 25mg tablets (Luye Pharma Ltd),Quetiapine fumarate,25mg,Tablet,Oral,04020102,Second-Generation Antipsychotic Drugs,February 2009,0,0,1
83700,13375911000001108,74962020,15,Risperidone 1mg/ml oral solution sugar free (A A H Pharmaceuticals Ltd),Risperidone,1mg/1ml,Oral solution,Oral,04020102,Second-Generation Antipsychotic Drugs,April 2021,0,0,1
6838,305345001000027140,55972020,16492,Olanzapine 15mg Orodispersible tablet,Olanzapine,15mg,Orodispersible Tablet,Oral,04020100,Antipsychotic Products,February 2009,0,0,1
61575,25803211000001100,29521021,2499,Ebesque XL 50mg tablets (Ethypharm UK Ltd),Quetiapine fumarate,50mg,Modified-release tablet,Oral,04020102,Second-Generation Antipsychotic Drugs,November 2014,0,0,1
6023,305455001000027140,81016020,72730,Olanzapine 10mg Orodispersible tablet,Olanzapine,10mg,Orodispersible Tablet,Oral,04020100,Antipsychotic Products,February 2009,0,0,1
302,321597002,49490020,115764,Risperidone 1mg/ml oral solution sugar free,Risperidone,1mg/1ml,Oral solution,Oral,04020102,Second-Generation Antipsychotic Drugs,February 2009,0,0,1
62916,14720711000001100,75972020,1,Risperidone 500microgram orodispersible tablets sugar free (Teva UK Ltd),Risperidone,500microgram,Orodispersible tablet,Oral,04020102,Second-Generation Antipsychotic Drugs,April 2015,0,0,1
6412,305445001000027100,81015020,58051,Olanzapine 5mg Orodispersible tablet,Olanzapine,5mg,Orodispersible Tablet,Oral,04020100,Antipsychotic Products,February 2009,0,0,1
1321,321590000,53728020,607470,Risperidone 2mg tablets,Risperidone,2mg,Tablet,Oral,04020102,Second-Generation Antipsychotic Drugs,February 2009,0,0,1
84774,35181011000001100,79756021,1,Risperidone 1mg tablets (Milpharm Ltd),Risperidone,1mg,Tablet,Oral,04020102,Second-Generation Antipsychotic Drugs,October 2021,0,0,1
74834,19607011000001104,78199020,94,Olanzapine 10mg orodispersible tablets sugar free (Accord-UK Ltd),Olanzapine,10mg,Orodispersible tablet,Oral,04020102/04020300,Second-Generation Antipsychotic Drugs/Products Used For Mania And Hypomania,February 2019,0,0,1
65707,19607611000001104,78205020,3,Olanzapine 20mg orodispersible tablets sugar free (Accord-UK Ltd),Olanzapine,20mg,Orodispersible tablet,Oral,04020102/04020300,Second-Generation Antipsychotic Drugs/Products Used For Mania And Hypomania,March 2016,0,0,1
64493,13120811000001102,74932020,9,Risperidone 1mg tablets (A A H Pharmaceuticals Ltd),Risperidone,1mg,Tablet,Oral,04020102,Second-Generation Antipsychotic Drugs,October 2015,0,0,1
81870,37697511000001104,89970021,0,Clozapine 100mg orodispersible tablets sugar free,Clozapine,100mg,Orodispersible tablet,Oral,04020102,Second-Generation Antipsychotic Drugs,September 2020,0,0,1
81649,38696711000001104,93888021,12849,Risperidone 250microgram tablets,Risperidone,250microgram,Tablet,Oral,04020102,Second-Generation Antipsychotic Drugs,September 2020,0,0,1
82922,17924911000001108,03441020,0,Risperidone 1mg tablets (Phoenix Healthcare Distribution Ltd),Risperidone,1mg,Tablet,Oral,04020102,Second-Generation Antipsychotic Drugs,January 2021,0,0,1
70684,33261411000001104,70559021,2,Quetiapine 20mg/ml oral suspension sugar free (Rosemont Pharmaceuticals Ltd),Quetiapine fumarate,20mg/1ml,Oral suspension,Oral,04020102,Second-Generation Antipsychotic Drugs,November 2017,0,0,1
72577,19564411000001108,03559020,1,Olanzapine 7.5mg tablets (Alliance Healthcare (Distribution) Ltd),Olanzapine,7.5mg,Tablet,Oral,04020102/04020300,Second-Generation Antipsychotic Drugs/Products Used For Mania And Hypomania,July 2018,0,0,1
55268,17038411000001100,98333020,13,Zypadhera 300mg powder and solvent for suspension for injection vials (Eli Lilly and Company Ltd),Olanzapine embonate monohydrate,300mg,Powder and solvent for suspension for injection,Intramuscular,04020102/04020200,Second-Generation Antipsychotic Drugs/Antipsychotic Depot Injections,May 2013,0,0,1
57034,20356211000001104,40630020,3099,Sondate XL 200mg tablets (Teva UK Ltd),Quetiapine fumarate,200mg,Modified-release tablet,Oral,04020102,Second-Generation Antipsychotic Drugs,September 2013,0,0,1
53848,19608211000001108,00589021,1,Zalasta 5mg orodispersible tablets (Krka UK Ltd),Olanzapine,5mg,Orodispersible tablet,Oral,04020102/04020300,Second-Generation Antipsychotic Drugs/Products Used For Mania And Hypomania,February 2013,0,0,1
34927,7836011000001108,68224020,34,Amisulpride 200mg tablets (Zentiva Pharma UK Ltd),Amisulpride,200mg,Tablet,Oral,04020102,Second-Generation Antipsychotic Drugs,February 2009,0,0,1
58822,18508511000001104,03501020,0,Risperidone 4mg tablets (Almus Pharmaceuticals Ltd),Risperidone,4mg,Tablet,Oral,04020102,Second-Generation Antipsychotic Drugs,February 2014,0,0,1
63615,19591711000001104,03584020,7,Olanzapine 2.5mg tablets (Dr Reddy's Laboratories (UK) Ltd),Olanzapine,2.5mg,Tablet,Oral,04020102/04020300,Second-Generation Antipsychotic Drugs/Products Used For Mania And Hypomania,July 2015,0,0,1
80978,34497911000001100,76956021,0,Aripiprazole 10mg tablets (HBS Healthcare Ltd),Aripiprazole,10mg,Tablet,Oral,04020102,Second-Generation Antipsychotic Drugs,June 2020,0,0,1
88433,13480311000001102,13656020,0,Risperidone 2mg orodispersible tablets sugar free (Alliance Healthcare (Distribution) Ltd),Risperidone,2mg,Orodispersible tablet,Oral,04020102,Second-Generation Antipsychotic Drugs,July 2023,0,0,1
78449,20890811000001104,42174020,4,Risperidone 1mg/ml oral solution sugar free (Sandoz Ltd),Risperidone,1mg/1ml,Oral solution,Oral,04020102,Second-Generation Antipsychotic Drugs,November 2019,0,0,1
16908,4520711000001102,78753020,13402,Risperdal Consta 25mg powder and solvent for suspension for injection vials (Janssen-Cilag Ltd),Risperidone,25mg,Powder and solvent for suspension for injection,Intramuscular,04020102,Second-Generation Antipsychotic Drugs,February 2009,0,0,1
1249,321614001,83405020,1418846,Olanzapine 10mg tablets,Olanzapine,10mg,Tablet,Oral,04020102/04020300,Second-Generation Antipsychotic Drugs/Products Used For Mania And Hypomania,February 2009,0,0,1
2656,321618003,81014020,716018,Olanzapine 2.5mg tablets,Olanzapine,2.5mg,Tablet,Oral,04020102/04020300,Second-Generation Antipsychotic Drugs/Products Used For Mania And Hypomania,February 2009,0,0,1
52940,20356011000001100,41200020,6763,Sondate XL 50mg tablets (Teva UK Ltd),Quetiapine fumarate,50mg,Modified-release tablet,Oral,04020102,Second-Generation Antipsychotic Drugs,January 2013,0,0,1
82412,20313611000001108,40526020,0,Olanzapine 5mg tablets (Sandoz Ltd),Olanzapine,5mg,Tablet,Oral,04020102/04020300,Second-Generation Antipsychotic Drugs/Products Used For Mania And Hypomania,January 2021,0,0,1
14789,4166711000001102,77550020,13509,Risperdal Consta 37.5mg powder and solvent for suspension for injection vials (Janssen-Cilag Ltd),Risperidone,37.5mg,Powder and solvent for suspension for injection,Intramuscular,04020102,Second-Generation Antipsychotic Drugs,February 2009,0,0,1
47063,19609111000001108,00715021,9146,Olanzapine 10mg orodispersible tablets sugar free,Olanzapine,10mg,Orodispersible tablet,Oral,04020102/04020300,Second-Generation Antipsychotic Drugs/Products Used For Mania And Hypomania,April 2012,0,0,1
63925,28994711000001108,48501021,380,Mintreleq XL 50mg tablets (Aristo Pharma Ltd),Quetiapine fumarate,50mg,Modified-release tablet,Oral,04020102,Second-Generation Antipsychotic Drugs,August 2015,0,0,1
6864,476411000001108,85215020,8773,Seroquel 200mg tablets (Luye Pharma Ltd),Quetiapine fumarate,200mg,Tablet,Oral,04020102,Second-Generation Antipsychotic Drugs,February 2009,0,0,1
78227,28488711000001104,44271021,0,Aripiprazole 5mg tablets (A A H Pharmaceuticals Ltd),Aripiprazole,5mg,Tablet,Oral,04020102,Second-Generation Antipsychotic Drugs,November 2019,0,0,1
68152,31078011000001108,60890021,1147,Abilify Maintena 400mg powder and solvent for prolonged-release suspension for injection pre-filled syringes (Otsuka Pharmaceuticals (U.K.) Ltd),Aripiprazole,400mg,Powder and solvent for suspension for injection,Intramuscular,04020102,Second-Generation Antipsychotic Drugs,November 2016,0,0,1
14858,7637411000001109,87952020,5168,Abilify 15mg tablets (Otsuka Pharmaceuticals (U.K.) Ltd),Aripiprazole,15mg,Tablet,Oral,04020102,Second-Generation Antipsychotic Drugs,February 2009,0,0,1
40587,15506211000001108,97149020,693,Clozapine 200mg tablets,Clozapine,200mg,Tablet,Oral,04020102,Second-Generation Antipsychotic Drugs,October 2009,0,0,1
80892,28488911000001104,44273021,0,Aripiprazole 10mg tablets (A A H Pharmaceuticals Ltd),Aripiprazole,10mg,Tablet,Oral,04020102,Second-Generation Antipsychotic Drugs,June 2020,0,0,1
46969,8923211000001105,69302020,17,Amisulpride 200mg tablets (A A H Pharmaceuticals Ltd),Amisulpride,200mg,Tablet,Oral,04020102,Second-Generation Antipsychotic Drugs,March 2012,0,0,1
45953,5694111000001100,87558020,0,Zyprexa 10mg powder for solution for injection vials (Parapharm Development Ltd),Olanzapine,10mg,Powder for solution for injection,Intramuscular,04020102/04020300,Second-Generation Antipsychotic Drugs/Products Used For Mania And Hypomania,August 2011,0,0,1
67717,26654411000001100,31245021,131,Latuda 18.5mg tablets (CNX Therapeutics Ltd),Lurasidone hydrochloride,18.5mg,Tablet,Oral,04020102,Second-Generation Antipsychotic Drugs,September 2016,0,0,1
43914,17037611000001102,98278020,3,Olanzapine embonate 210mg powder and solvent for suspension for injection vials,Olanzapine embonate monohydrate,210mg,Powder and solvent for suspension for injection,Intramuscular,04020102/04020200,Second-Generation Antipsychotic Drugs/Antipsychotic Depot Injections,November 2010,0,0,1
6482,35901111000001104,81945020,20047,Amisulpride 100mg/ml oral solution sugar free,Amisulpride,100mg/1ml,Oral solution,Oral,04020102,Second-Generation Antipsychotic Drugs,February 2009,0,0,1
45444,15506011000001104,97155020,2,Denzapine 50mg/ml oral suspension (Britannia Pharmaceuticals Ltd),Clozapine,50mg/1ml,Oral suspension,Oral,04020102,Second-Generation Antipsychotic Drugs,June 2011,0,0,1
5071,321638002,85993020,281086,Amisulpride 200mg tablets,Amisulpride,200mg,Tablet,Oral,04020102,Second-Generation Antipsychotic Drugs,February 2009,0,0,1
78283,19607311000001100,78202020,32,Olanzapine 15mg orodispersible tablets sugar free (Accord-UK Ltd),Olanzapine,15mg,Orodispersible tablet,Oral,04020102/04020300,Second-Generation Antipsychotic Drugs/Products Used For Mania And Hypomania,November 2019,0,0,1
70640,32655611000001104,68929021,1,Olanzapine 12.5mg/5ml oral suspension,Olanzapine,2.5mg/1ml,Oral suspension,Oral,04020102/04020300,Second-Generation Antipsychotic Drugs/Products Used For Mania And Hypomania,November 2017,0,0,1
63359,28412111000001100,44294021,23500,Zaluron XL 300mg tablets (Fontus Health Ltd),Quetiapine fumarate,300mg,Modified-release tablet,Oral,04020102,Second-Generation Antipsychotic Drugs,June 2015,0,0,1
68375,20160911000001104,40530020,23,Quetiapine 25mg tablets (Teva UK Ltd),Quetiapine fumarate,25mg,Tablet,Oral,04020102,Second-Generation Antipsychotic Drugs,December 2016,0,0,1
47093,19609411000001104,00729021,4317,Olanzapine 20mg orodispersible tablets sugar free,Olanzapine,20mg,Orodispersible tablet,Oral,04020102/04020300,Second-Generation Antipsychotic Drugs/Products Used For Mania And Hypomania,May 2012,0,0,1
30088,3904811000001101,55209020,81,Zoleptil 25 tablets (Movianto UK Ltd),Zotepine,25mg,Tablet,Oral,04020100,Antipsychotic Products,February 2009,0,0,1
73742,21249311000001104,44455020,0,Tenprolide XL 200mg tablets (Actavis UK Ltd),Quetiapine fumarate,200mg,Modified-release tablet,Oral,04020102,Second-Generation Antipsychotic Drugs,November 2018,0,0,1
62387,26655411000001104,31246021,8322,Lurasidone 37mg tablets,Lurasidone hydrochloride,37mg,Tablet,Oral,04020102,Second-Generation Antipsychotic Drugs,February 2015,0,0,1
35548,11134611000001104,92723020,556,Risperdal Quicklet 3mg orodispersible tablets (Janssen-Cilag Ltd),Risperidone,3mg,Orodispersible tablet,Oral,04020102,Second-Generation Antipsychotic Drugs,February 2009,0,0,1
47055,19627011000001108,00711021,3110,Olanzapine 5mg orodispersible tablets,Olanzapine,5mg,Orodispersible tablet,Oral,00000000,Unknown,April 2012,0,0,1
80182,19573611000001104,03582020,0,Olanzapine 2.5mg tablets (A A H Pharmaceuticals Ltd),Olanzapine,2.5mg,Tablet,Oral,04020102/04020300,Second-Generation Antipsychotic Drugs/Products Used For Mania And Hypomania,March 2020,0,0,1
71389,4732311000001103,82839020,5,Serdolect 20mg tablets (Imported (Denmark)),Sertindole,20mg,Tablet,Oral,04020102,Second-Generation Antipsychotic Drugs,January 2018,0,0,1
71478,19563711000001100,03581020,1,Olanzapine 2.5mg tablets (Alliance Healthcare (Distribution) Ltd),Olanzapine,2.5mg,Tablet,Oral,04020102/04020300,Second-Generation Antipsychotic Drugs/Products Used For Mania And Hypomania,January 2018,0,0,1
41070,15498911000001104,97147020,55,Denzapine 50mg tablets (Britannia Pharmaceuticals Ltd),Clozapine,50mg,Tablet,Oral,04020102,Second-Generation Antipsychotic Drugs,January 2010,0,0,1
82446,20279911000001100,40621020,0,Amisulpride 100mg tablets (Sandoz Ltd),Amisulpride,100mg,Tablet,Oral,04020102,Second-Generation Antipsychotic Drugs,January 2021,0,0,1
86348,15239911000001106,03510020,0,Risperidone 1mg/ml oral solution sugar free (Healthcare Pharma Ltd),Risperidone,1mg/1ml,Oral solution,Oral,04020102,Second-Generation Antipsychotic Drugs,July 2022,0,0,1
31576,3933811000001105,79348020,290,Solian 100mg/ml oral solution (Sanofi),Amisulpride,100mg/1ml,Oral solution,Oral,04020102,Second-Generation Antipsychotic Drugs,February 2009,0,0,1
63818,28994911000001104,48516021,247,Mintreleq XL 150mg tablets (Aristo Pharma Ltd),Quetiapine fumarate,150mg,Modified-release tablet,Oral,04020102,Second-Generation Antipsychotic Drugs,July 2015,0,0,1
47162,19208911000001100,99849020,66,Xeplion 50mg/0.5ml prolonged-release suspension for injection pre-filled syringes (Janssen-Cilag Ltd),Paliperidone palmitate,100mg/1ml,Prolonged-release suspension for injection,Intramuscular,04020200,Antipsychotic Depot Injections,May 2012,0,0,1
59143,19560911000001104,78298020,0,Olanzapine 2.5mg tablets (Teva UK Ltd),Olanzapine,2.5mg,Tablet,Oral,04020102/04020300,Second-Generation Antipsychotic Drugs/Products Used For Mania And Hypomania,March 2014,0,0,1
62202,8922811000001103,69295020,0,Amisulpride 50mg tablets (A A H Pharmaceuticals Ltd),Amisulpride,50mg,Tablet,Oral,04020102,Second-Generation Antipsychotic Drugs,January 2015,0,0,1
11938,8277311000001106,89950020,5062,Amisulpride 25mg/5ml oral suspension,Amisulpride,5mg/1ml,Oral suspension,Oral,04020102,Second-Generation Antipsychotic Drugs,February 2009,0,0,1
58067,13011911000001104,33604020,8,Quetiapine 125mg/5ml oral suspension,Quetiapine fumarate,25mg/1ml,Oral suspension,Oral,04020102,Second-Generation Antipsychotic Drugs,December 2013,0,0,1
87431,35135411000001104,79514021,1,Aripiprazole 10mg tablets (Milpharm Ltd),Aripiprazole,10mg,Tablet,Oral,04020102,Second-Generation Antipsychotic Drugs,January 2023,0,0,1
74856,5409511000001108,03612020,36,Seroquel 200mg tablets (Waymade Healthcare Plc),Quetiapine fumarate,200mg,Tablet,Oral,04020102,Second-Generation Antipsychotic Drugs,February 2019,0,0,1
62517,26655511000001100,31248021,10101,Lurasidone 74mg tablets,Lurasidone hydrochloride,74mg,Tablet,Oral,04020102,Second-Generation Antipsychotic Drugs,March 2015,0,0,1
31063,4731711000001106,82836020,42,Serdolect 12mg tablets (Imported (Denmark)),Sertindole,12mg,Tablet,Oral,04020102,Second-Generation Antipsychotic Drugs,February 2009,0,0,1
47049,19626711000001104,00717021,3311,Olanzapine 10mg orodispersible tablets,Olanzapine,10mg,Orodispersible tablet,Oral,00000000,Unknown,April 2012,0,0,1
68347,19587911000001108,03549020,8,Zalasta 5mg tablets (Krka UK Ltd),Olanzapine,5mg,Tablet,Oral,04020102/04020300,Second-Generation Antipsychotic Drugs/Products Used For Mania And Hypomania,December 2016,0,0,1
79336,7975111000001109,03623020,0,Amisulpride 50mg tablets (Kent Pharma (UK) Ltd),Amisulpride,50mg,Tablet,Oral,04020102,Second-Generation Antipsychotic Drugs,December 2019,0,0,1
78616,32866911000001100,69849021,46,Trevicta 175mg/0.875ml prolonged-release suspension for injection pre-filled syringes (Janssen-Cilag Ltd),Paliperidone palmitate,200mg/1ml,Prolonged-release suspension for injection,Intramuscular,04020200,Antipsychotic Depot Injections,November 2019,0,0,1
29879,7637811000001106,87954020,1053,Abilify 30mg tablets (Otsuka Pharmaceuticals (U.K.) Ltd),Aripiprazole,30mg,Tablet,Oral,04020102,Second-Generation Antipsychotic Drugs,February 2009,0,0,1
61650,23661211000001104,21593021,2576,Aripiprazole 400mg powder and solvent for suspension for injection vials,Aripiprazole,400mg,Powder and solvent for suspension for injection,Intramuscular,04020102,Second-Generation Antipsychotic Drugs,November 2014,0,0,1
63363,28412311000001104,44297021,17739,Zaluron XL 400mg tablets (Fontus Health Ltd),Quetiapine fumarate,400mg,Modified-release tablet,Oral,04020102,Second-Generation Antipsychotic Drugs,June 2015,0,0,1
77215,21287811000001104,45218020,100,Quetiapine 300mg tablets (Accord-UK Ltd),Quetiapine fumarate,300mg,Tablet,Oral,04020102,Second-Generation Antipsychotic Drugs,July 2019,0,0,1
65137,23561611000001108,20187021,0,Risperidone 500microgram tablets (Dexcel-Pharma Ltd),Risperidone,500microgram,Tablet,Oral,04020102,Second-Generation Antipsychotic Drugs,January 2016,0,0,1
56265,386213008,38854020,1946,Olanzapine 20mg oral lyophilisates sugar free,Olanzapine,20mg,Oral lyophilisate,Oral,04020102/04020300,Second-Generation Antipsychotic Drugs/Products Used For Mania And Hypomania,August 2013,0,0,1
83070,39005011000001104,95966021,183,Biquelle XL 600mg tablets (Aspire Pharma Ltd),Quetiapine fumarate,600mg,Modified-release tablet,Oral,04020102,Second-Generation Antipsychotic Drugs,February 2021,0,0,1
16103,305515001000027100,90165020,16922,Olanzapine 20mg Orodispersible tablet,Olanzapine,20mg,Orodispersible Tablet,Oral,04020100,Antipsychotic Products,February 2009,0,0,1
77733,33569911000001100,70915021,447,Brancico XL 50mg tablets (Zentiva Pharma UK Ltd),Quetiapine fumarate,50mg,Modified-release tablet,Oral,04020102,Second-Generation Antipsychotic Drugs,August 2019,0,0,1
46764,13011611000001108,00209021,181,Quetiapine 12.5mg/5ml oral solution,Quetiapine fumarate,2.5mg/1ml,Oral solution,Oral,04020102,Second-Generation Antipsychotic Drugs,February 2012,0,0,1
80669,33570111000001100,70704021,222,Brancico XL 400mg tablets (Zentiva Pharma UK Ltd),Quetiapine fumarate,400mg,Modified-release tablet,Oral,04020102,Second-Generation Antipsychotic Drugs,May 2020,0,0,1
9515,3905611000001104,55210020,66,Zoleptil 50 tablets (Movianto UK Ltd),Zotepine,50mg,Tablet,Oral,04020100,Antipsychotic Products,February 2009,0,0,1
81209,35180711000001108,79762021,5,Risperidone 500microgram tablets (Milpharm Ltd),Risperidone,500microgram,Tablet,Oral,04020102,Second-Generation Antipsychotic Drugs,July 2020,0,0,1
59829,13121311000001100,74938020,0,Risperidone 3mg tablets (A A H Pharmaceuticals Ltd),Risperidone,3mg,Tablet,Oral,04020102,Second-Generation Antipsychotic Drugs,May 2014,0,0,1
47394,3434911000001100,00727021,257,Olanzapine 15mg oral lyophilisates sugar free,Olanzapine,15mg,Oral lyophilisate,Oral,00000000,Unknown,June 2012,0,0,1
58935,22409511000001108,15732021,23,Tenprolide XL 400mg tablets (Actavis UK Ltd),Quetiapine fumarate,400mg,Modified-release tablet,Oral,04020102,Second-Generation Antipsychotic Drugs,February 2014,0,0,1
77216,21287311000001108,45162020,102,Quetiapine 150mg tablets (Accord-UK Ltd),Quetiapine fumarate,150mg,Tablet,Oral,04020102,Second-Generation Antipsychotic Drugs,July 2019,0,0,1
8046,321573006,72580020,12780,Clozapine 25mg tablets,Clozapine,25mg,Tablet,Oral,04020102,Second-Generation Antipsychotic Drugs,February 2009,0,0,1
36954,11749811000001104,93747020,72,Invega 6mg modified-release tablets (Janssen-Cilag Ltd),Paliperidone,6mg,Modified-release tablet,Oral,04020102,Second-Generation Antipsychotic Drugs,February 2009,0,0,1
82566,5408411000001101,03597020,30,Seroquel 25mg tablets (Waymade Healthcare Plc),Quetiapine fumarate,25mg,Tablet,Oral,04020102,Second-Generation Antipsychotic Drugs,January 2021,0,0,1
83330,30083411000001108,53777021,0,Quetiapine 300mg tablets (DE Pharmaceuticals),Quetiapine fumarate,300mg,Tablet,Oral,04020102,Second-Generation Antipsychotic Drugs,March 2021,0,0,1
64639,28995611000001104,48124021,356,Mintreleq XL 300mg tablets (Aristo Pharma Ltd),Quetiapine fumarate,300mg,Modified-release tablet,Oral,04020102,Second-Generation Antipsychotic Drugs,November 2015,0,0,1
72596,33518911000001108,70685021,0,Aripiprazole 5mg tablets (Creo Pharma Ltd),Aripiprazole,5mg,Tablet,Oral,04020102,Second-Generation Antipsychotic Drugs,July 2018,0,0,1
16998,4748211000001109,82828020,194,Sertindole 12mg tablets,Sertindole,12mg,Tablet,Oral,04020102,Second-Generation Antipsychotic Drugs,February 2009,0,0,1
46434,19210611000001104,99853020,669,Xeplion 100mg/1ml prolonged-release suspension for injection pre-filled syringes (Janssen-Cilag Ltd),Paliperidone palmitate,100mg/1ml,Prolonged-release suspension for injection,Intramuscular,04020200,Antipsychotic Depot Injections,November 2011,0,0,1
69328,14770511000001108,75980020,0,Risperidone 500microgram tablets (Wockhardt UK Ltd),Risperidone,500microgram,Tablet,Oral,04020102,Second-Generation Antipsychotic Drugs,May 2017,0,0,1
58821,20415911000001108,41359020,0,Quetiapine 25mg tablets (Dr Reddy's Laboratories (UK) Ltd),Quetiapine fumarate,25mg,Tablet,Oral,04020102,Second-Generation Antipsychotic Drugs,February 2014,0,0,1
58147,19921111000001104,39304020,1,Olanzapine 10mg tablets (Zentiva Pharma UK Ltd),Olanzapine,10mg,Tablet,Oral,04020102/04020300,Second-Generation Antipsychotic Drugs/Products Used For Mania And Hypomania,December 2013,0,0,1
85146,20161411000001104,40539020,9,Quetiapine 150mg tablets (Teva UK Ltd),Quetiapine fumarate,150mg,Tablet,Oral,04020102,Second-Generation Antipsychotic Drugs,December 2021,0,0,1
6561,406787003,87944020,455311,Aripiprazole 10mg tablets,Aripiprazole,10mg,Tablet,Oral,04020102,Second-Generation Antipsychotic Drugs,February 2009,0,0,1
82311,13479811000001106,21136020,2,Risperidone 500microgram orodispersible tablets sugar free (Alliance Healthcare (Distribution) Ltd),Risperidone,500microgram,Orodispersible tablet,Oral,04020102,Second-Generation Antipsychotic Drugs,January 2021,0,0,1
72326,18466211000001108,03537020,2,Risperidone 500microgram tablets (Accord-UK Ltd),Risperidone,500microgram,Tablet,Oral,04020102,Second-Generation Antipsychotic Drugs,June 2018,0,0,1
82436,21809711000001104,46932020,0,Olanzapine 5mg orodispersible tablets sugar free (Ranbaxy (UK) Ltd),Olanzapine,5mg,Orodispersible tablet,Oral,04020102/04020300,Second-Generation Antipsychotic Drugs/Products Used For Mania And Hypomania,January 2021,0,0,1
47304,321623003,00719021,980,Olanzapine 10mg oral lyophilisates sugar free,Olanzapine,10mg,Oral lyophilisate,Oral,00000000,Unknown,June 2012,0,0,1
76199,33552511000001108,70630021,0,Amisulpride 50mg tablets (Viatris UK Healthcare Ltd),Amisulpride,50mg,Tablet,Oral,04020102,Second-Generation Antipsychotic Drugs,May 2019,0,0,1
35953,11134311000001108,92725020,1021,Risperdal Quicklet 4mg orodispersible tablets (Janssen-Cilag Ltd),Risperidone,4mg,Orodispersible tablet,Oral,04020102,Second-Generation Antipsychotic Drugs,February 2009,0,0,1
82421,20280511000001108,40542020,0,Amisulpride 50mg tablets (Sandoz Ltd),Amisulpride,50mg,Tablet,Oral,04020102,Second-Generation Antipsychotic Drugs,January 2021,0,0,1
74690,13011811000001108,33602020,1,Quetiapine 125mg/5ml oral solution,Quetiapine fumarate,25mg/1ml,Oral solution,Oral,04020102,Second-Generation Antipsychotic Drugs,February 2019,0,0,1
86244,13657211000001104,75393020,1,Risperidone 4mg orodispersible tablets sugar free (A A H Pharmaceuticals Ltd),Risperidone,4mg,Orodispersible tablet,Oral,04020102,Second-Generation Antipsychotic Drugs,June 2022,0,0,1
16489,4177011000001109,65788020,7756,Risperidone 50mg powder and solvent for suspension for injection vials,Risperidone,50mg,Powder and solvent for suspension for injection,Intramuscular,04020102,Second-Generation Antipsychotic Drugs,February 2009,0,0,1
10107,228545001000027100,85202020,1163,Quetiapine Starter Pack,Quetiapine Fumarate,,Starter Pack,Oral,04020100,Antipsychotic Products,February 2009,0,0,1
54483,20356411000001104,40629020,6034,Sondate XL 300mg tablets (Teva UK Ltd),Quetiapine fumarate,300mg,Modified-release tablet,Oral,04020102,Second-Generation Antipsychotic Drugs,April 2013,0,0,1
9659,858911000001109,49438020,19499,Risperdal 2mg tablets (Janssen-Cilag Ltd),Risperidone,2mg,Tablet,Oral,04020102,Second-Generation Antipsychotic Drugs,February 2009,0,0,1
33883,9891011000001104,90167020,2086,Zyprexa 20mg Velotabs (Eli Lilly and Company Ltd),Olanzapine,20mg,Oral lyophilisate,Oral,04020102/04020300,Second-Generation Antipsychotic Drugs/Products Used For Mania And Hypomania,February 2009,0,0,1
70367,19564611000001108,03570020,16,Olanzapine 10mg tablets (Alliance Healthcare (Distribution) Ltd),Olanzapine,10mg,Tablet,Oral,04020102/04020300,Second-Generation Antipsychotic Drugs/Products Used For Mania And Hypomania,October 2017,0,0,1
45839,13012311000001108,99745020,2028,Quetiapine 25mg/5ml oral suspension,Quetiapine fumarate,5mg/1ml,Oral suspension,Oral,04020102,Second-Generation Antipsychotic Drugs,August 2011,0,0,1
11828,4054111000001105,81543020,14175,Risperidone 2mg orodispersible tablets sugar free,Risperidone,2mg,Orodispersible tablet,Oral,04020102,Second-Generation Antipsychotic Drugs,February 2009,0,0,1
49699,13819311000001104,10469020,0,Abilify 5mg tablets (Sigma Pharmaceuticals Plc),Aripiprazole,5mg,Tablet,Oral,04020102,Second-Generation Antipsychotic Drugs,January 2013,0,0,1
56387,13380911000001108,03505020,6,Risperidone 1mg/ml oral solution sugar free (Alliance Healthcare (Distribution) Ltd),Risperidone,1mg/1ml,Oral solution,Oral,04020102,Second-Generation Antipsychotic Drugs,August 2013,0,0,1
16561,406790009,87948020,71357,Aripiprazole 30mg tablets,Aripiprazole,30mg,Tablet,Oral,04020102,Second-Generation Antipsychotic Drugs,February 2009,0,0,1
86052,13121511000001108,74943020,3,Risperidone 4mg tablets (A A H Pharmaceuticals Ltd),Risperidone,4mg,Tablet,Oral,04020102,Second-Generation Antipsychotic Drugs,April 2022,0,0,1
11821,9044211000001100,88877020,3648,Risperdal Quicklet 500microgram orodispersible tablets (Janssen-Cilag Ltd),Risperidone,500microgram,Orodispersible tablet,Oral,04020102,Second-Generation Antipsychotic Drugs,February 2009,0,0,1
16425,4176911000001105,86496020,6935,Risperidone 37.5mg powder and solvent for suspension for injection vials,Risperidone,37.5mg,Powder and solvent for suspension for injection,Intramuscular,04020102,Second-Generation Antipsychotic Drugs,February 2009,0,0,1
68297,32867811000001108,69851021,120,Trevicta 263mg/1.315ml prolonged-release suspension for injection pre-filled syringes (Janssen-Cilag Ltd),Paliperidone palmitate,200mg/1ml,Prolonged-release suspension for injection,Intramuscular,04020200,Antipsychotic Depot Injections,December 2016,0,0,1
85173,39834611000001104,98837021,2,Risperdal 1mg/ml oral solution (CST Pharma Ltd),Risperidone,1mg/1ml,Oral solution,Oral,04020102,Second-Generation Antipsychotic Drugs,December 2021,0,0,1
75649,33568811000001104,70702021,349,Brancico XL 300mg tablets (Zentiva Pharma UK Ltd),Quetiapine fumarate,300mg,Modified-release tablet,Oral,04020102,Second-Generation Antipsychotic Drugs,April 2019,0,0,1
5927,134517009,85994020,92493,Amisulpride 400mg tablets,Amisulpride,400mg,Tablet,Oral,04020102,Second-Generation Antipsychotic Drugs,February 2009,0,0,1
85639,14771611000001104,76020020,0,Risperidone 6mg tablets (Wockhardt UK Ltd),Risperidone,6mg,Tablet,Oral,04020102,Second-Generation Antipsychotic Drugs,February 2022,0,0,1
71481,28380611000001100,43124021,7,Aripiprazole 10mg tablets (Alliance Healthcare (Distribution) Ltd),Aripiprazole,10mg,Tablet,Oral,04020102,Second-Generation Antipsychotic Drugs,January 2018,0,0,1
77605,11751011000001100,93749020,30,Invega 9mg modified-release tablets (Janssen-Cilag Ltd),Paliperidone,9mg,Modified-release tablet,Oral,04020102,Second-Generation Antipsychotic Drugs,August 2019,0,0,1
75427,21871311000001100,47261020,68,Quetiapine 25mg tablets (Waymade Healthcare Plc),Quetiapine fumarate,25mg,Tablet,Oral,04020102,Second-Generation Antipsychotic Drugs,April 2019,0,0,1
78609,20161911000001104,40632020,0,Quetiapine 300mg tablets (Teva UK Ltd),Quetiapine fumarate,300mg,Tablet,Oral,04020102,Second-Generation Antipsychotic Drugs,November 2019,0,0,1
38010,10664911000001106,91147020,149,Abilify 15mg orodispersible tablets (Otsuka Pharmaceuticals (U.K.) Ltd),Aripiprazole,15mg,Orodispersible tablet,Oral,04020102,Second-Generation Antipsychotic Drugs,February 2009,0,0,1
84248,37687211000001104,89968021,1,Zaponex 12.5mg orodispersible tablets (Leyden Delta B.V.),Clozapine,12.5mg,Orodispersible tablet,Oral,04020102,Second-Generation Antipsychotic Drugs,July 2021,0,0,1
73185,32879111000001104,69852021,183,Paliperidone 350mg/1.75ml prolonged-release suspension for injection pre-filled syringes,Paliperidone palmitate,200mg/1ml,Prolonged-release suspension for injection,Intramuscular,04020200,Antipsychotic Depot Injections,September 2018,0,0,1
65671,31078311000001104,60698021,206,Aripiprazole 5mg tablets (Zentiva Pharma UK Ltd),Aripiprazole,5mg,Tablet,Oral,04020102,Second-Generation Antipsychotic Drugs,March 2016,0,0,1
18013,340911000001108,85213020,9776,Seroquel 100mg tablets (Luye Pharma Ltd),Quetiapine fumarate,100mg,Tablet,Oral,04020102,Second-Generation Antipsychotic Drugs,February 2009,0,0,1
46871,13011711000001100,00447021,345,Quetiapine 12.5mg/5ml oral suspension,Quetiapine fumarate,2.5mg/1ml,Oral suspension,Oral,04020102,Second-Generation Antipsychotic Drugs,February 2012,0,0,1
14813,4111000001106,85216020,4454,Seroquel 150mg tablets (AstraZeneca UK Ltd),Quetiapine fumarate,150mg,Tablet,Oral,04020102,Second-Generation Antipsychotic Drugs,February 2009,0,0,1
47302,8839511000001103,88806020,394,Zaponex 100mg tablets (Leyden Delta B.V.),Clozapine,100mg,Tablet,Oral,04020102,Second-Generation Antipsychotic Drugs,June 2012,0,0,1
37717,11763211000001100,93739020,700,Paliperidone 3mg modified-release tablets,Paliperidone,3mg,Modified-release tablet,Oral,04020102,Second-Generation Antipsychotic Drugs,February 2009,0,0,1
84742,19588311000001108,03572020,7,Zalasta 10mg tablets (Krka UK Ltd),Olanzapine,10mg,Tablet,Oral,04020102/04020300,Second-Generation Antipsychotic Drugs/Products Used For Mania And Hypomania,October 2021,0,0,1
631,526611000001101,77749020,42325,Risperdal 500microgram tablets (Janssen-Cilag Ltd),Risperidone,500microgram,Tablet,Oral,04020102,Second-Generation Antipsychotic Drugs,February 2009,0,0,1
70907,17441511000001104,03602020,0,Seroquel 25mg tablets (Mawdsley-Brooks & Company Ltd),Quetiapine fumarate,25mg,Tablet,Oral,04020102,Second-Generation Antipsychotic Drugs,December 2017,0,0,1
63049,28400211000001108,44732021,29561,Biquelle XL 50mg tablets (Aspire Pharma Ltd),Quetiapine fumarate,50mg,Modified-release tablet,Oral,04020102,Second-Generation Antipsychotic Drugs,April 2015,0,0,1
69674,14015811000001108,35324020,32,Olanzapine 2.5mg/5ml oral solution,Olanzapine,500microgram/1ml,Oral solution,Oral,04020102/04020300,Second-Generation Antipsychotic Drugs/Products Used For Mania And Hypomania,June 2017,0,0,1
17958,3830311000001101,72576020,1580,Clozaril 25mg tablets (Viatris UK Healthcare Ltd),Clozapine,25mg,Tablet,Oral,04020102,Second-Generation Antipsychotic Drugs,February 2009,0,0,1
38906,426401009,94791020,157955,Quetiapine 300mg modified-release tablets,Quetiapine fumarate,300mg,Modified-release tablet,Oral,04020102,Second-Generation Antipsychotic Drugs,February 2009,0,0,1
4876,321637007,85992020,312052,Amisulpride 50mg tablets,Amisulpride,50mg,Tablet,Oral,04020102,Second-Generation Antipsychotic Drugs,February 2009,0,0,1
76308,32696011000001104,68981021,2,Olanzapine 15mg/5ml oral solution,Olanzapine,3mg/1ml,Oral solution,Oral,04020102/04020300,Second-Generation Antipsychotic Drugs/Products Used For Mania And Hypomania,May 2019,0,0,1
69836,13587111000001108,35074020,4,Quetiapine 400mg/5ml oral suspension,Quetiapine fumarate,80mg/1ml,Oral suspension,Oral,04020102,Second-Generation Antipsychotic Drugs,July 2017,0,0,1
36116,11763311000001108,93741020,1363,Paliperidone 6mg modified-release tablets,Paliperidone,6mg,Modified-release tablet,Oral,04020102,Second-Generation Antipsychotic Drugs,February 2009,0,0,1
65174,20366611000001104,41446020,6,Quetiapine 300mg tablets (A A H Pharmaceuticals Ltd),Quetiapine fumarate,300mg,Tablet,Oral,04020102,Second-Generation Antipsychotic Drugs,January 2016,0,0,1
16768,24311000001100,85999020,2241,Solian 50 tablets (Sanofi),Amisulpride,50mg,Tablet,Oral,04020102,Second-Generation Antipsychotic Drugs,February 2009,0,0,1
