prodcode,productname,review,dmdcode,therapyevents,bnftext
40494,Agomelatine 25mg tablets,Yes,15499111000001100,29354,Other Antidepressants
7677,Allegron 10mg tablets (King Pharmaceuticals Ltd),Yes,893811000001100,2274,Tricyclic And Related Antidepressants
8640,Allegron 25mg tablets (King Pharmaceuticals Ltd),Yes,629711000001106,4413,Tricyclic And Related Antidepressants
52516,Alventa XL 150mg capsules (Krka UK Ltd),SSRI,16492311000001108,142,Other Antidepressants
52074,Alventa XL 75mg capsules (Krka UK Ltd),SSRI,16492111000001108,362,Other Antidepressants
873,AMITRIPTYLINE 100 MG TAB,Yes,5635001000027106,13044,Unknown
3490,Amitriptyline 10mg / Perphenazine 2mg tablets,Yes,39731711000001104,6904,Unknown
34916,Amitriptyline 10mg Tablet (Berk Pharmaceuticals Ltd),Yes,4165001000027106,32,Tricyclic And Related Antidepressants/Neuropathic Pain
83,Amitriptyline 10mg tablets,Yes,321745007,11963505,Tricyclic And Related Antidepressants/Neuropathic Pain/Prophylaxis Of Migraine
33090,Amitriptyline 10mg tablets (A A H Pharmaceuticals Ltd),Yes,310911000001104,8434,Tricyclic And Related Antidepressants/Neuropathic Pain/Prophylaxis Of Migraine
52867,Amitriptyline 10mg tablets (Accord-UK Ltd),Yes,18457211000001100,50,Tricyclic And Related Antidepressants/Neuropathic Pain/Prophylaxis Of Migraine
24141,Amitriptyline 10mg tablets (Actavis UK Ltd),Yes,268711000001108,456,Tricyclic And Related Antidepressants/Neuropathic Pain/Prophylaxis Of Migraine
55491,Amitriptyline 10mg tablets (Almus Pharmaceuticals Ltd),Yes,9784511000001104,1124,Tricyclic And Related Antidepressants/Neuropathic Pain/Prophylaxis Of Migraine
34731,Amitriptyline 10mg tablets (Kent Pharma (UK) Ltd),Yes,47511000001100,17,Tricyclic And Related Antidepressants/Neuropathic Pain/Prophylaxis Of Migraine
24152,Amitriptyline 10mg tablets (Teva UK Ltd),Yes,865611000001103,33140,Tricyclic And Related Antidepressants/Neuropathic Pain/Prophylaxis Of Migraine
34401,Amitriptyline 10mg tablets (Wockhardt UK Ltd),Yes,13059111000001108,60,Tricyclic And Related Antidepressants/Neuropathic Pain/Prophylaxis Of Migraine
46801,Amitriptyline 10mg/5ml oral solution,Yes,13892411000001104,415,Tricyclic And Related Antidepressants/Neuropathic Pain/Prophylaxis Of Migraine
22070,Amitriptyline 10mg/5ml Oral solution (Rosemont Pharmaceuticals Ltd),Yes,61395001000027104,296,Tricyclic And Related Antidepressants/Neuropathic Pain
64000,Amitriptyline 10mg/5ml oral solution sugar free,Yes,29686711000001104,2974,Tricyclic And Related Antidepressants/Neuropathic Pain/Prophylaxis Of Migraine
46818,Amitriptyline 10mg/5ml oral suspension,Yes,8277811000001102,86,Tricyclic And Related Antidepressants/Neuropathic Pain/Prophylaxis Of Migraine
3777,Amitriptyline 10mg/5ml sugar free oral solution,Yes,196745001000027100,24308,Tricyclic And Related Antidepressants/Neuropathic Pain
19779,Amitriptyline 10mg/ml injection,Yes,95265001000027100,19,Tricyclic And Related Antidepressants
21081,Amitriptyline 12.5mg / Chlordiazepoxide 5mg capsules,Yes,156115001000027100,50,Tricyclic And Related Antidepressants
13496,AMITRIPTYLINE 200 MG TAB,Yes,5565001000027108,621,Unknown
18342,Amitriptyline 25mg / Chlordiazepoxide 10mg capsules,Yes,156125001000027100,35,Tricyclic And Related Antidepressants
595,Amitriptyline 25mg / Perphenazine 2mg tablets,Yes,39731811000001104,12779,Tricyclic And Related Antidepressants
487,Amitriptyline 25mg modified-release capsules,Yes,35901211000001108,81896,Unknown
34197,Amitriptyline 25mg Tablet (Berk Pharmaceuticals Ltd),Yes,4185001000027109,111,Tricyclic And Related Antidepressants/Neuropathic Pain
41729,Amitriptyline 25mg Tablet (Celltech Pharma Europe Ltd),Yes,4245001000027103,115,Tricyclic And Related Antidepressants/Neuropathic Pain
49,Amitriptyline 25mg tablets,Yes,321746008,8262872,Tricyclic And Related Antidepressants/Neuropathic Pain/Prophylaxis Of Migraine
34782,Amitriptyline 25mg tablets (A A H Pharmaceuticals Ltd),Yes,190511000001102,4461,Tricyclic And Related Antidepressants/Neuropathic Pain/Prophylaxis Of Migraine
24145,Amitriptyline 25mg tablets (Actavis UK Ltd),Yes,78811000001102,2478,Tricyclic And Related Antidepressants/Neuropathic Pain/Prophylaxis Of Migraine
42078,Amitriptyline 25mg tablets (Almus Pharmaceuticals Ltd),Yes,9784711000001100,605,Tricyclic And Related Antidepressants/Neuropathic Pain/Prophylaxis Of Migraine
34503,Amitriptyline 25mg tablets (IVAX Pharmaceuticals UK Ltd),Yes,788611000001109,109,Tricyclic And Related Antidepressants
24134,Amitriptyline 25mg tablets (Kent Pharma (UK) Ltd),Yes,440811000001107,1991,Tricyclic And Related Antidepressants/Neuropathic Pain/Prophylaxis Of Migraine
77167,Amitriptyline 25mg tablets (Ranbaxy (UK) Ltd),Yes,666511000001101,70,Tricyclic And Related Antidepressants
24147,Amitriptyline 25mg tablets (Teva UK Ltd),Yes,40611000001100,40044,Tricyclic And Related Antidepressants/Neuropathic Pain/Prophylaxis Of Migraine
34129,Amitriptyline 25mg tablets (Wockhardt UK Ltd),Yes,11176611000001108,16,Tricyclic And Related Antidepressants/Neuropathic Pain/Prophylaxis Of Migraine
6312,Amitriptyline 25mg/5ml oral solution sugar free,Yes,35901411000001108,52096,Tricyclic And Related Antidepressants/Neuropathic Pain/Prophylaxis Of Migraine
34224,Amitriptyline 25mg/5ml oral solution sugar free (Rosemont Pharmaceuticals Ltd),Yes,75911000001101,400,Tricyclic And Related Antidepressants/Neuropathic Pain/Prophylaxis Of Migraine
23497,AMITRIPTYLINE 300 MG TAB,Yes,5605001000027102,24,Unknown
4682,Amitriptyline 50mg modified-release capsules,Yes,35901511000001104,45495,Unknown
40396,Amitriptyline 50mg Tablet (Berk Pharmaceuticals Ltd),Yes,4175001000027104,15,Tricyclic And Related Antidepressants/Neuropathic Pain
1888,Amitriptyline 50mg tablets,Yes,321747004,4433892,Tricyclic And Related Antidepressants/Neuropathic Pain/Prophylaxis Of Migraine
34274,Amitriptyline 50mg tablets (A A H Pharmaceuticals Ltd),Yes,771511000001106,2870,Tricyclic And Related Antidepressants/Neuropathic Pain/Prophylaxis Of Migraine
34634,Amitriptyline 50mg tablets (Accord-UK Ltd),Yes,743811000001109,1895,Tricyclic And Related Antidepressants/Neuropathic Pain/Prophylaxis Of Migraine
46970,Amitriptyline 50mg tablets (IVAX Pharmaceuticals UK Ltd),Yes,778911000001108,18,Tricyclic And Related Antidepressants
34182,Amitriptyline 50mg tablets (Kent Pharma (UK) Ltd),Yes,55411000001107,668,Tricyclic And Related Antidepressants/Neuropathic Pain/Prophylaxis Of Migraine
33624,Amitriptyline 50mg tablets (Teva UK Ltd),Yes,540811000001101,12774,Tricyclic And Related Antidepressants/Neuropathic Pain/Prophylaxis Of Migraine
34107,Amitriptyline 50mg tablets (Wockhardt UK Ltd),Yes,11176811000001108,83,Tricyclic And Related Antidepressants/Neuropathic Pain/Prophylaxis Of Migraine
4690,Amitriptyline 50mg/5ml oral solution sugar free,Yes,35901611000001104,21257,Tricyclic And Related Antidepressants/Neuropathic Pain/Prophylaxis Of Migraine
34251,Amitriptyline 50mg/5ml oral solution sugar free (Rosemont Pharmaceuticals Ltd),Yes,563711000001107,207,Tricyclic And Related Antidepressants/Neuropathic Pain/Prophylaxis Of Migraine
64141,Amitriptyline 5mg/5ml oral solution,Yes,8277911000001107,25,Tricyclic And Related Antidepressants/Neuropathic Pain/Prophylaxis Of Migraine
76952,Amitriptyline 5mg/5ml oral suspension,Yes,8278011000001109,14,Tricyclic And Related Antidepressants/Neuropathic Pain/Prophylaxis Of Migraine
3771,AMITRIPTYLINE 75 MG TAB,Yes,171545001000027100,2584,Unknown
2525,Amitriptyline 75mg modified-release capsules,Yes,95245001000027100,31349,Tricyclic And Related Antidepressants/Neuropathic Pain
8250,AMITRIPTYLINE S/F 25 MG/5ML SYR,Yes,95995001000027100,2321,Unknown
20712,AMITRIPTYLINE S/R,Yes,NA,321,Unknown
3652,Amoxapine 100mg tablets,Yes,321894004,1756,Tricyclic And Related Antidepressants
4411,Amoxapine 150mg tablets,Yes,172735001000027100,434,Tricyclic And Related Antidepressants
7475,AMOXAPINE 25 MG TAB,Yes,6675001000027106,1939,Unknown
17319,Amoxapine 25mg tablets,Yes,172705001000027100,482,Tricyclic And Related Antidepressants
3351,Amoxapine 50mg tablets,Yes,321893005,8418,Unknown
7515,Anafranil 10mg capsules (Novartis Pharmaceuticals UK Ltd),Yes,701211000001104,80026,Tricyclic And Related Antidepressants
3657,Anafranil 25mg capsules (Novartis Pharmaceuticals UK Ltd),Yes,647111000001102,114086,Tricyclic And Related Antidepressants
8719,Anafranil 25mg/5ml syrup (Novartis Pharmaceuticals UK Ltd),Yes,4534911000001107,1923,Tricyclic And Related Antidepressants
7693,Anafranil 50mg capsules (Novartis Pharmaceuticals UK Ltd),Yes,5511000001101,36804,Tricyclic And Related Antidepressants
7894,Anafranil SR 75mg tablets (Novartis Pharmaceuticals UK Ltd),Yes,119411000001107,27053,Tricyclic And Related Antidepressants
17183,Aventyl 10mg Capsule (Eli Lilly and Company Ltd),Yes,58655001000027104,962,Tricyclic And Related Antidepressants/Neuropathic Pain
12549,Aventyl 10mg/5ml Liquid (Eli Lilly and Company Ltd),Yes,58675001000027110,15,Tricyclic And Related Antidepressants/Neuropathic Pain
12353,Aventyl 25mg Capsule (Eli Lilly and Company Ltd),Yes,58665001000027104,1845,Tricyclic And Related Antidepressants/Neuropathic Pain
7468,Bolvidon 10mg Tablet (Organon Laboratories Ltd),Yes,3635001000027104,7482,Tricyclic And Related Antidepressants
8144,Bolvidon 20mg Tablet (Organon Laboratories Ltd),Yes,3645001000027103,2709,Tricyclic And Related Antidepressants
8585,Bolvidon 30mg Tablet (Organon Laboratories Ltd),Yes,3655001000027100,7615,Tricyclic And Related Antidepressants
26715,BOLVIDON 60 MG TAB,Yes,93825001000027100,23,Unknown
67874,Brintellix 10mg tablets (Lundbeck Ltd),SSRI,30248111000001104,247,Other Antidepressants
69991,Brintellix 20mg tablets (Lundbeck Ltd),SSRI,30247811000001104,161,Other Antidepressants
69992,Brintellix 5mg tablets (Lundbeck Ltd),SSRI,30247511000001100,142,Other Antidepressants
12227,Butriptyline 25mg tablets,Yes,156445001000027100,150,Tricyclic And Related Antidepressants
74785,Cipralex 10mg tablets (DE Pharmaceuticals),SSRI,13849211000001102,14,Selective Serotonin Re-Uptake Inhibitors (SSRI)
648,Cipralex 10mg tablets (Lundbeck Ltd),SSRI,3388511000001100,164415,Selective Serotonin Re-Uptake Inhibitors (SSRI)
74858,Cipralex 10mg tablets (Waymade Healthcare Plc),SSRI,10505911000001102,29,Selective Serotonin Re-Uptake Inhibitors (SSRI)
26056,Cipralex 10mg/ml oral drops (Lundbeck Ltd),SSRI,10364011000001102,403,Selective Serotonin Re-Uptake Inhibitors (SSRI)
6360,Cipralex 20mg tablets (Lundbeck Ltd),SSRI,4942511000001102,56258,Selective Serotonin Re-Uptake Inhibitors (SSRI)
41062,Cipralex 20mg/ml oral drops (Lundbeck Ltd),SSRI,15453311000001104,159,Selective Serotonin Re-Uptake Inhibitors (SSRI)
785,Cipralex 5mg tablets (Lundbeck Ltd),SSRI,7331811000001105,32783,Selective Serotonin Re-Uptake Inhibitors (SSRI)
3861,Cipramil 10mg tablets (Lundbeck Ltd),SSRI,62511000001109,118545,Selective Serotonin Re-Uptake Inhibitors (SSRI)
1712,Cipramil 20mg tablets (Lundbeck Ltd),SSRI,847211000001102,344938,Selective Serotonin Re-Uptake Inhibitors (SSRI)
2408,Cipramil 40mg tablets (Lundbeck Ltd),SSRI,695611000001105,50235,Selective Serotonin Re-Uptake Inhibitors (SSRI)
815,Cipramil 40mg/ml drops (Lundbeck Ltd),SSRI,1211000001102,6211,Selective Serotonin Re-Uptake Inhibitors (SSRI)
34498,Citalopram 10mg Tablet (Neo Laboratories Ltd),SSRI,130695001000027100,37,Selective Serotonin Re-Uptake Inhibitors (SSRI)
476,Citalopram 10mg tablets,SSRI,321989000,7484456,Selective Serotonin Re-Uptake Inhibitors (SSRI)
34586,Citalopram 10mg tablets (A A H Pharmaceuticals Ltd),SSRI,4011011000001101,28,Selective Serotonin Re-Uptake Inhibitors (SSRI)
42660,Citalopram 10mg tablets (Almus Pharmaceuticals Ltd),SSRI,9785611000001104,155,Selective Serotonin Re-Uptake Inhibitors (SSRI)
34436,Citalopram 10mg tablets (Viatris UK Healthcare Ltd),SSRI,4817511000001102,23,Selective Serotonin Re-Uptake Inhibitors (SSRI)
34499,Citalopram 10mg tablets (Sandoz Ltd),SSRI,4011711000001104,597,Selective Serotonin Re-Uptake Inhibitors (SSRI)
34413,Citalopram 10mg tablets (Zentiva Pharma UK Ltd),SSRI,4468311000001101,37,Selective Serotonin Re-Uptake Inhibitors (SSRI)
54827,Citalopram 10mg/5ml oral suspension,SSRI,12021011000001104,29,Selective Serotonin Re-Uptake Inhibitors (SSRI)
34722,Citalopram 20mg Tablet (Neo Laboratories Ltd),SSRI,130735001000027100,62,Selective Serotonin Re-Uptake Inhibitors (SSRI)
67,Citalopram 20mg tablets,SSRI,321987003,15937575,Selective Serotonin Re-Uptake Inhibitors (SSRI)
34356,Citalopram 20mg tablets (A A H Pharmaceuticals Ltd),SSRI,4011911000001102,611,Selective Serotonin Re-Uptake Inhibitors (SSRI)
67097,Citalopram 20mg tablets (Accord-UK Ltd),SSRI,18460911000001104,16,Selective Serotonin Re-Uptake Inhibitors (SSRI)
34871,Citalopram 20mg tablets (Actavis UK Ltd),SSRI,7394911000001108,36,Selective Serotonin Re-Uptake Inhibitors (SSRI)
48026,Citalopram 20mg tablets (Almus Pharmaceuticals Ltd),SSRI,9785811000001108,290,Selective Serotonin Re-Uptake Inhibitors (SSRI)
34415,Citalopram 20mg tablets (Viatris UK Healthcare Ltd),SSRI,4817711000001107,107,Selective Serotonin Re-Uptake Inhibitors (SSRI)
34970,Citalopram 20mg tablets (Niche Generics Ltd),SSRI,10443511000001108,18,Selective Serotonin Re-Uptake Inhibitors (SSRI)
26016,Citalopram 20mg tablets (Sandoz Ltd),SSRI,4012311000001107,687,Selective Serotonin Re-Uptake Inhibitors (SSRI)
34966,Citalopram 20mg tablets (Teva UK Ltd),SSRI,7396511000001107,59,Selective Serotonin Re-Uptake Inhibitors (SSRI)
34822,Citalopram 20mg tablets (Zentiva Pharma UK Ltd),SSRI,4468611000001106,21,Selective Serotonin Re-Uptake Inhibitors (SSRI)
74753,Citalopram 30mg tablets,SSRI,244645001000027100,30,Selective Serotonin Re-Uptake Inhibitors (SSRI)
43519,Citalopram 40mg Tablet (Neo Laboratories Ltd),SSRI,130795001000027100,25,Selective Serotonin Re-Uptake Inhibitors (SSRI)
4770,Citalopram 40mg tablets,SSRI,321991008,4041356,Selective Serotonin Re-Uptake Inhibitors (SSRI)
36746,Citalopram 40mg tablets (A A H Pharmaceuticals Ltd),SSRI,4012511000001101,21,Selective Serotonin Re-Uptake Inhibitors (SSRI)
60839,Citalopram 40mg tablets (Almus Pharmaceuticals Ltd),SSRI,9786311000001104,52,Selective Serotonin Re-Uptake Inhibitors (SSRI)
70790,Citalopram 40mg tablets (Milpharm Ltd),SSRI,19189311000001108,23,Selective Serotonin Re-Uptake Inhibitors (SSRI)
34603,Citalopram 40mg tablets (Viatris UK Healthcare Ltd),SSRI,4817911000001109,29,Selective Serotonin Re-Uptake Inhibitors (SSRI)
34466,Citalopram 40mg tablets (Sandoz Ltd),SSRI,4012911000001108,267,Selective Serotonin Re-Uptake Inhibitors (SSRI)
45304,Citalopram 40mg tablets (Teva UK Ltd),SSRI,7396711000001102,14,Selective Serotonin Re-Uptake Inhibitors (SSRI)
46926,Citalopram 40mg tablets (Zentiva Pharma UK Ltd),SSRI,4469011000001109,16,Selective Serotonin Re-Uptake Inhibitors (SSRI)
513,Citalopram 40mg/ml oral drops sugar free,SSRI,321994000,134031,Selective Serotonin Re-Uptake Inhibitors (SSRI)
3194,Clomipramine 10mg capsules,Yes,321785001,303407,Tricyclic And Related Antidepressants
34866,Clomipramine 10mg capsules (A A H Pharmaceuticals Ltd),Yes,730311000001107,69,Tricyclic And Related Antidepressants
41628,Clomipramine 10mg capsules (IVAX Pharmaceuticals UK Ltd),Yes,312211000001109,51,Tricyclic And Related Antidepressants
62620,Clomipramine 10mg capsules (Viatris UK Healthcare Ltd),Yes,286811000001103,14,Tricyclic And Related Antidepressants
43561,Clomipramine 10mg capsules (Teva UK Ltd),Yes,16411000001107,259,Tricyclic And Related Antidepressants
3195,CLOMIPRAMINE 25 MG TAB,Yes,88365001000027100,35064,Unknown
3670,Clomipramine 25mg capsules,Yes,321786000,416625,Tricyclic And Related Antidepressants
34245,Clomipramine 25mg capsules (A A H Pharmaceuticals Ltd),Yes,235711000001109,15,Tricyclic And Related Antidepressants
41563,Clomipramine 25mg capsules (IVAX Pharmaceuticals UK Ltd),Yes,299811000001105,49,Tricyclic And Related Antidepressants
45350,Clomipramine 25mg capsules (Teva UK Ltd),Yes,149111000001109,317,Tricyclic And Related Antidepressants
8720,Clomipramine 25mg/5ml oral solution,Yes,4557811000001105,3293,Tricyclic And Related Antidepressants
3925,Clomipramine 50mg capsules,Yes,321787009,457103,Tricyclic And Related Antidepressants
45318,Clomipramine 50mg capsules (A A H Pharmaceuticals Ltd),Yes,636911000001101,152,Tricyclic And Related Antidepressants
41597,Clomipramine 50mg capsules (IVAX Pharmaceuticals UK Ltd),Yes,404711000001100,65,Tricyclic And Related Antidepressants
53187,Clomipramine 50mg capsules (Kent Pharma (UK) Ltd),Yes,920211000001105,25,Tricyclic And Related Antidepressants
65804,Clomipramine 50mg capsules (Teva UK Ltd),Yes,627711000001103,18,Tricyclic And Related Antidepressants
53161,Clomipramine 50mg/5ml oral solution,Yes,8377511000001109,66,Tricyclic And Related Antidepressants
38274,Clomipramine 50mg/5ml oral suspension,Yes,8377611000001108,359,Tricyclic And Related Antidepressants
8661,Clomipramine 75mg modified-release tablets,Yes,36089111000001110,78575,Tricyclic And Related Antidepressants
7755,Concordin 10 Tablet (Merck Sharp & Dohme Ltd),Yes,77925001000027100,1753,Tricyclic And Related Antidepressants/Neuropathic Pain
7816,Concordin 5 Tablet (Merck Sharp & Dohme Ltd),Yes,77865001000027100,1381,Tricyclic And Related Antidepressants/Neuropathic Pain
13151,Cymbalta 30mg gastro-resistant capsules (Eli Lilly and Company Ltd),SSRI,9038411000001108,24289,Other Antidepressants/Treatment Of Diabetic Nephropathy And Neuropathy
14849,Cymbalta 60mg gastro-resistant capsules (Eli Lilly and Company Ltd),SSRI,9039311000001108,55223,Other Antidepressants/Treatment Of Diabetic Nephropathy And Neuropathy
73298,Depalta 30mg gastro-resistant capsules (Disposable Medical Equipment Ltd),SSRI,35034711000001104,147,Other Antidepressants/Treatment Of Diabetic Nephropathy And Neuropathy
73540,Depalta 60mg gastro-resistant capsules (Disposable Medical Equipment Ltd),SSRI,35035211000001104,628,Other Antidepressants/Treatment Of Diabetic Nephropathy And Neuropathy
45664,Depefex XL 150mg capsules (Chiesi Ltd),SSRI,17737011000001108,165,Other Antidepressants
45959,Depefex XL 75mg capsules (Chiesi Ltd),SSRI,17737211000001102,236,Other Antidepressants
7981,Desipramine 25mg tablets,Yes,108945001000027100,2701,Tricyclic And Related Antidepressants/Neuropathic Pain
26213,Domical 10mg Tablet (Berk Pharmaceuticals Ltd),Yes,58805001000027104,3022,Tricyclic And Related Antidepressants/Neuropathic Pain
20026,Domical 25mg Tablet (Berk Pharmaceuticals Ltd),Yes,58815001000027110,5535,Tricyclic And Related Antidepressants/Neuropathic Pain
27008,Domical 50mg Tablet (Berk Pharmaceuticals Ltd),Yes,58825001000027104,1202,Tricyclic And Related Antidepressants/Neuropathic Pain
70838,Dosulepin 25mg Capsule (Celltech Pharma Europe Ltd),Yes,39465001000027104,48,Tricyclic And Related Antidepressants
84,Dosulepin 25mg capsules,Yes,321805008,2727261,Tricyclic And Related Antidepressants
23426,Dosulepin 25mg capsules (A A H Pharmaceuticals Ltd),Yes,254111000001108,6962,Tricyclic And Related Antidepressants
34745,Dosulepin 25mg capsules (Actavis UK Ltd),Yes,397111000001102,293,Tricyclic And Related Antidepressants
34643,Dosulepin 25mg capsules (Almus Pharmaceuticals Ltd),Yes,9792111000001104,164,Tricyclic And Related Antidepressants
31824,Dosulepin 25mg capsules (IVAX Pharmaceuticals UK Ltd),Yes,496511000001101,1862,Tricyclic And Related Antidepressants
44853,Dosulepin 25mg capsules (Kent Pharma (UK) Ltd),Yes,619511000001105,68,Tricyclic And Related Antidepressants
29875,Dosulepin 25mg capsules (Viatris UK Healthcare Ltd),Yes,582911000001100,37,Tricyclic And Related Antidepressants
34641,Dosulepin 25mg capsules (Sovereign Medical Ltd),Yes,17197611000001100,80,Tricyclic And Related Antidepressants
34223,Dosulepin 25mg capsules (Teva UK Ltd),Yes,148811000001109,2367,Tricyclic And Related Antidepressants
19168,Dosulepin 25mg/5ml mixture,Yes,53535001000027104,125,Tricyclic And Related Antidepressants
50722,Dosulepin 25mg/5ml oral solution,Yes,8454311000001101,81,Tricyclic And Related Antidepressants
6054,Dosulepin 25mg/5ml oral solution sugar free,Yes,113115001000027100,3904,Tricyclic And Related Antidepressants
70593,Dosulepin 25mg/5ml oral suspension,Yes,8454211000001109,73,Tricyclic And Related Antidepressants
74,Dosulepin 75mg tablets,Yes,321806009,3126554,Tricyclic And Related Antidepressants
32121,Dosulepin 75mg tablets (A A H Pharmaceuticals Ltd),Yes,62611000001108,1277,Tricyclic And Related Antidepressants
19186,Dosulepin 75mg tablets (Actavis UK Ltd),Yes,600711000001109,1126,Tricyclic And Related Antidepressants
42734,Dosulepin 75mg tablets (Almus Pharmaceuticals Ltd),Yes,9792411000001100,120,Tricyclic And Related Antidepressants
31826,Dosulepin 75mg tablets (IVAX Pharmaceuticals UK Ltd),Yes,344311000001104,1468,Tricyclic And Related Antidepressants
34525,Dosulepin 75mg tablets (Viatris UK Healthcare Ltd),Yes,851011000001104,72,Tricyclic And Related Antidepressants
62681,Dosulepin 75mg tablets (Sandoz Ltd),Yes,407811000001104,19,Tricyclic And Related Antidepressants
34058,Dosulepin 75mg tablets (Teva UK Ltd),Yes,241511000001103,2973,Tricyclic And Related Antidepressants
57926,Dosulepin 75mg/5ml oral solution,Yes,8454111000001103,72,Tricyclic And Related Antidepressants
10948,Dosulepin 75mg/5ml oral solution sugar free,Yes,53525001000027104,2107,Tricyclic And Related Antidepressants
1940,Dothapax 25 capsules (Ashbourne Pharmaceuticals Ltd),Yes,14911000001107,10232,Tricyclic And Related Antidepressants
15632,Dothapax 75 tablets (Ashbourne Pharmaceuticals Ltd),Yes,927011000001104,16185,Tricyclic And Related Antidepressants
3842,Doxepin 10mg capsules,Yes,321811006,52545,Tricyclic And Related Antidepressants
3554,Doxepin 25mg capsules,Yes,321812004,140357,Tricyclic And Related Antidepressants
40777,Doxepin 25mg/5ml oral suspension,Yes,256215001000027100,46,Tricyclic And Related Antidepressants
5073,Doxepin 50mg capsules,Yes,321813009,79020,Tricyclic And Related Antidepressants
73363,Doxepin 50mg/5ml oral solution,Yes,8484811000001101,99,Tricyclic And Related Antidepressants
7059,Doxepin 75mg capsules,Yes,321814003,29579,Tricyclic And Related Antidepressants
22872,DOXEPIN HCL,Yes,NA,16,Unknown
74190,Duciltia 60mg gastro-resistant capsules (Pharmathen S.A.),SSRI,30990611000001108,21,Other Antidepressants/Treatment Of Diabetic Nephropathy And Neuropathy
7153,Duloxetine 20mg gastro-resistant capsules,SSRI,8013111000001100,162973,Urinary Incontinence
7122,Duloxetine 30mg gastro-resistant capsules,SSRI,417231005,938531,Other Antidepressants/Treatment Of Diabetic Nephropathy And Neuropathy
70728,Duloxetine 30mg gastro-resistant capsules (Alliance Healthcare (Distribution) Ltd),SSRI,31895311000001108,27,Other Antidepressants/Treatment Of Diabetic Nephropathy And Neuropathy
76857,Duloxetine 30mg/5ml oral suspension,SSRI,35839111000001104,48,Other Antidepressants/Treatment Of Diabetic Nephropathy And Neuropathy
7147,Duloxetine 40mg gastro-resistant capsules,SSRI,8013211000001106,125712,Urinary Incontinence
6895,Duloxetine 60mg gastro-resistant capsules,SSRI,416946001,2174611,Other Antidepressants/Treatment Of Diabetic Nephropathy And Neuropathy
69428,Duloxetine 60mg gastro-resistant capsules (Alliance Healthcare (Distribution) Ltd),SSRI,31896311000001104,65,Other Antidepressants/Treatment Of Diabetic Nephropathy And Neuropathy
74774,Duloxetine 60mg/5ml oral suspension,SSRI,35839211000001104,19,Other Antidepressants/Treatment Of Diabetic Nephropathy And Neuropathy
15163,Edronax 4mg tablets (Pfizer Ltd),Yes,576711000001106,12617,Other Antidepressants
67271,Efexor 37.5mg tablets (Waymade Healthcare Plc),SSRI,5360711000001104,321,Other Antidepressants
623,Efexor 37.5mg tablets (Wyeth Pharmaceuticals),SSRI,281211000001107,64614,Other Antidepressants
6274,Efexor 50mg tablets (Wyeth Pharmaceuticals),SSRI,628511000001107,2179,Unknown
67288,Efexor 75mg tablets (Dowelhurst Ltd),SSRI,5540911000001105,293,Other Antidepressants
77089,Efexor 75mg tablets (Waymade Healthcare Plc),SSRI,5361311000001108,22,Other Antidepressants
9182,Efexor 75mg tablets (Wyeth Pharmaceuticals),SSRI,237411000001109,34944,Other Antidepressants
74010,Efexor XL 150mg capsules (Necessity Supplies Ltd),SSRI,18254311000001104,145,Other Antidepressants
5710,Efexor XL 150mg capsules (Viatris UK Healthcare Ltd),SSRI,413311000001104,146218,Other Antidepressants
51280,Efexor XL 150mg capsules (Waymade Healthcare Plc),SSRI,5362111000001101,155,Other Antidepressants
65899,Efexor XL 225mg capsules (Viatris UK Healthcare Ltd),SSRI,30991111000001104,2002,Other Antidepressants
74011,Efexor XL 75mg capsules (Dowelhurst Ltd),SSRI,5539311000001101,205,Other Antidepressants
1474,Efexor XL 75mg capsules (Viatris UK Healthcare Ltd),SSRI,651811000001100,234196,Other Antidepressants
76771,Efexor XL 75mg capsules (Waymade Healthcare Plc),SSRI,5361711000001107,547,Other Antidepressants
603,Escitalopram 10mg tablets,SSRI,407915000,1328657,Selective Serotonin Re-Uptake Inhibitors (SSRI)
20152,Escitalopram 10mg/ml oral drops sugar free,SSRI,10364811000001108,2925,Selective Serotonin Re-Uptake Inhibitors (SSRI)
6218,Escitalopram 20mg tablets,SSRI,408067001,810712,Selective Serotonin Re-Uptake Inhibitors (SSRI)
40726,Escitalopram 20mg/ml oral drops sugar free,SSRI,15499311000001104,4326,Selective Serotonin Re-Uptake Inhibitors (SSRI)
6405,Escitalopram 5mg tablets,SSRI,409150001,420644,Selective Serotonin Re-Uptake Inhibitors (SSRI)
18932,Evadyne 25mg Tablet (Wyeth Pharmaceuticals),Yes,59185001000027104,196,Tricyclic And Related Antidepressants
12123,Faverin 100mg tablets (Viatris UK Healthcare Ltd),SSRI,595611000001101,8355,Selective Serotonin Re-Uptake Inhibitors (SSRI)
2897,Faverin 50mg tablets (Viatris UK Healthcare Ltd),SSRI,542511000001103,19050,Selective Serotonin Re-Uptake Inhibitors (SSRI)
67431,Fluoxetine 10mg capsules,Yes,373959000,55215,Selective Serotonin Re-Uptake Inhibitors (SSRI)
42499,Fluoxetine 10mg tablets,Yes,373965000,8201,Selective Serotonin Re-Uptake Inhibitors (SSRI)
38890,Fluoxetine 20mg Capsule (Milpharm Ltd),Yes,192045001000027100,37,Selective Serotonin Re-Uptake Inhibitors (SSRI)
22,Fluoxetine 20mg capsules,Yes,321949006,17114180,Selective Serotonin Re-Uptake Inhibitors (SSRI)
19183,Fluoxetine 20mg capsules (A A H Pharmaceuticals Ltd),Yes,723711000001104,2041,Selective Serotonin Re-Uptake Inhibitors (SSRI)
45329,Fluoxetine 20mg capsules (Actavis UK Ltd),Yes,335911000001100,48,Selective Serotonin Re-Uptake Inhibitors (SSRI)
75799,Fluoxetine 20mg capsules (Almus Pharmaceuticals Ltd),Yes,9799811000001108,26,Selective Serotonin Re-Uptake Inhibitors (SSRI)
45247,Fluoxetine 20mg capsules (Fannin (UK) Ltd),Yes,18074311000001104,23,Selective Serotonin Re-Uptake Inhibitors (SSRI)
34294,Fluoxetine 20mg capsules (IVAX Pharmaceuticals UK Ltd),Yes,258111000001102,2082,Selective Serotonin Re-Uptake Inhibitors (SSRI)
34288,Fluoxetine 20mg capsules (Viatris UK Healthcare Ltd),Yes,252411000001105,3047,Selective Serotonin Re-Uptake Inhibitors (SSRI)
19470,Fluoxetine 20mg capsules (Ranbaxy (UK) Ltd),Yes,166911000001109,14,Selective Serotonin Re-Uptake Inhibitors (SSRI)
45224,Fluoxetine 20mg capsules (Sandoz Ltd),Yes,527811000001100,19,Selective Serotonin Re-Uptake Inhibitors (SSRI)
34456,Fluoxetine 20mg capsules (Teva UK Ltd),Yes,756611000001101,216,Selective Serotonin Re-Uptake Inhibitors (SSRI)
34849,Fluoxetine 20mg capsules (Tillomed Laboratories Ltd),Yes,13751411000001100,10,Selective Serotonin Re-Uptake Inhibitors (SSRI)
45316,Fluoxetine 20mg capsules (Wockhardt UK Ltd),Yes,12909311000001100,22,Selective Serotonin Re-Uptake Inhibitors (SSRI)
33410,Fluoxetine 20mg capsules (Zentiva Pharma UK Ltd),Yes,560111000001104,40,Selective Serotonin Re-Uptake Inhibitors (SSRI)
60534,Fluoxetine 20mg dispersible tablets sugar free,Yes,24407811000001108,4872,Selective Serotonin Re-Uptake Inhibitors (SSRI)
60138,Fluoxetine 20mg orodispersible tablets sugar free,Yes,24128411000001104,22,Selective Serotonin Re-Uptake Inhibitors (SSRI)
2548,Fluoxetine 20mg/5ml oral solution,Yes,321951005,249697,Selective Serotonin Re-Uptake Inhibitors (SSRI)
34216,Fluoxetine 20mg/5ml oral solution (A A H Pharmaceuticals Ltd),Yes,437511000001107,64,Selective Serotonin Re-Uptake Inhibitors (SSRI)
42803,Fluoxetine 20mg/5ml oral solution (IVAX Pharmaceuticals UK Ltd),Yes,4576111000001104,23,Selective Serotonin Re-Uptake Inhibitors (SSRI)
60619,Fluoxetine 20mg/5ml oral solution (Kent Pharma (UK) Ltd),Yes,321711000001101,17,Selective Serotonin Re-Uptake Inhibitors (SSRI)
73414,Fluoxetine 20mg/5ml oral solution (Pinewood Healthcare),Yes,13621511000001108,15,Selective Serotonin Re-Uptake Inhibitors (SSRI)
30258,Fluoxetine 20mg/5ml oral solution (Teva UK Ltd),Yes,263811000001105,29,Selective Serotonin Re-Uptake Inhibitors (SSRI)
36893,Fluoxetine 20mg/5ml oral solution sugar free,Yes,11590211000001106,32802,Selective Serotonin Re-Uptake Inhibitors (SSRI)
67496,Fluoxetine 30mg capsules,Yes,32960811000001104,21967,Selective Serotonin Re-Uptake Inhibitors (SSRI)
79590,Fluoxetine 30mg capsules (Medreich Plc),Yes,32938711000001100,18,Selective Serotonin Re-Uptake Inhibitors (SSRI)
67562,Fluoxetine 40mg capsules,Yes,376803002,58886,Selective Serotonin Re-Uptake Inhibitors (SSRI)
78889,Fluoxetine 40mg capsules (Medreich Plc),Yes,32939011000001108,166,Selective Serotonin Re-Uptake Inhibitors (SSRI)
4075,Fluoxetine 60mg capsules,Yes,321954002,221710,Selective Serotonin Re-Uptake Inhibitors (SSRI)
79494,Fluoxetine 60mg capsules (A A H Pharmaceuticals Ltd),Yes,9530611000001108,23,Selective Serotonin Re-Uptake Inhibitors (SSRI)
34856,Fluoxetine 60mg capsules (Viatris UK Healthcare Ltd),Yes,3962111000001101,168,Selective Serotonin Re-Uptake Inhibitors (SSRI)
2290,Fluvoxamine 100mg tablets,SSRI,321947008,46042,Selective Serotonin Re-Uptake Inhibitors (SSRI)
2880,Fluvoxamine 50mg tablets,SSRI,321945000,60853,Selective Serotonin Re-Uptake Inhibitors (SSRI)
43968,Foraven XL 75mg capsules (Forum Products Ltd),SSRI,15414911000001104,44,Other Antidepressants
2093,Gamanil 70mg tablets (Merck Serono Ltd),Yes,95011000001108,170816,Tricyclic And Related Antidepressants
3668,IMIPRAMINE 100 MG TAB,Yes,101595001000027100,1584,Unknown
1310,Imipramine 10mg tablets,Yes,321816001,158082,Tricyclic And Related Antidepressants/Nocturnal Enuresis
34222,Imipramine 10mg tablets (Accord-UK Ltd),Yes,424211000001100,161,Tricyclic And Related Antidepressants/Nocturnal Enuresis
7573,IMIPRAMINE 25 MG CAP,Yes,144435001000027100,1662,Unknown
1809,Imipramine 25mg tablets,Yes,321817005,643859,Tricyclic And Related Antidepressants/Nocturnal Enuresis
34813,Imipramine 25mg tablets (A A H Pharmaceuticals Ltd),Yes,569911000001107,75,Tricyclic And Related Antidepressants/Nocturnal Enuresis
34355,Imipramine 25mg tablets (Accord-UK Ltd),Yes,572011000001105,376,Tricyclic And Related Antidepressants/Nocturnal Enuresis
41408,Imipramine 25mg tablets (Teva UK Ltd),Yes,8151111000001102,42,Tricyclic And Related Antidepressants/Nocturnal Enuresis
8055,Imipramine 25mg/5ml oral solution,Yes,36046511000001104,16144,Unknown
42247,Imipramine 25mg/5ml oral solution sugar free,Yes,16423411000001100,1017,Tricyclic And Related Antidepressants/Nocturnal Enuresis
7784,IMIPRAMINE 50 MG TAB,Yes,144415001000027100,381,Unknown
10649,IMIPRAMINE 75 MG TAB,Yes,144465001000027100,221,Unknown
27476,Iprindole hc 15mg,Yes,118645001000027100,141,Tricyclic And Related Antidepressants
41731,Isocarboxazid 10mg Tablet (Cambridge Laboratories Ltd),Yes,88325001000027100,29,Monoamine-Oxidase Inhibitors (MAOI)
12207,Isocarboxazid 10mg tablets,Yes,321908006,10827,Monoamine-Oxidase Inhibitors (MAOI)
2486,Lentizol 25mg modified-release capsules (Pfizer Ltd),Yes,4534311000001106,35653,Unknown
2985,Lentizol 50mg modified-release capsules (Pfizer Ltd),Yes,4533611000001104,35379,Unknown
11963,Limbitrol 10 Capsule (Roche Products Ltd),Yes,53015001000027104,678,Tricyclic And Related Antidepressants
20715,LIMBITROL 5,Yes,NA,10,Unknown
14534,Limbitrol 5 Capsule (Roche Products Ltd),Yes,17285001000027104,1916,Tricyclic And Related Antidepressants
41627,Lofepramine 70mg Tablet (Teva UK Ltd),Yes,89015001000027100,67,Tricyclic And Related Antidepressants
114,Lofepramine 70mg tablets,Yes,39699211000001104,1624748,Tricyclic And Related Antidepressants
34046,Lofepramine 70mg tablets (A A H Pharmaceuticals Ltd),Yes,493911000001102,1340,Tricyclic And Related Antidepressants
34950,Lofepramine 70mg tablets (Accord-UK Ltd),Yes,555511000001106,509,Tricyclic And Related Antidepressants
34578,Lofepramine 70mg tablets (IVAX Pharmaceuticals UK Ltd),Yes,686911000001105,362,Tricyclic And Related Antidepressants
67742,Lofepramine 70mg tablets (Viatris UK Healthcare Ltd),Yes,720011000001106,35,Tricyclic And Related Antidepressants
56703,Lofepramine 70mg tablets (Sandoz Ltd),Yes,7488511000001102,18,Tricyclic And Related Antidepressants
60591,Lofepramine 70mg tablets (Teva UK Ltd),Yes,113011000001101,34,Tricyclic And Related Antidepressants
56229,Lofepramine 70mg/5ml oral solution,Yes,12812711000001104,23,Tricyclic And Related Antidepressants
43534,Lofepramine 70mg/5ml Oral suspension (Rosemont Pharmaceuticals Ltd),Yes,60955001000027110,11,Tricyclic And Related Antidepressants
4218,Lofepramine 70mg/5ml oral suspension sugar free,Yes,36040411000001104,14644,Tricyclic And Related Antidepressants
25444,Lomont 70mg/5ml oral suspension (Rosemont Pharmaceuticals Ltd),Yes,4071311000001107,98,Tricyclic And Related Antidepressants
3353,L-TRYPTOPHAN 500 MG CAP,Yes,1915001000027100,676,Unknown
4352,Lustral 100mg tablets (Viatris UK Healthcare Ltd),SSRI,687611000001102,71202,Selective Serotonin Re-Uptake Inhibitors (SSRI)
77385,Lustral 50mg tablets (DE Pharmaceuticals),SSRI,13927211000001100,566,Selective Serotonin Re-Uptake Inhibitors (SSRI)
1612,Lustral 50mg tablets (Viatris UK Healthcare Ltd),SSRI,936411000001108,213769,Selective Serotonin Re-Uptake Inhibitors (SSRI)
9206,Manerix 150mg tablets (Viatris UK Healthcare Ltd),Yes,538111000001106,10015,Reversible Monoamine-Oxidase Inhibitors
5832,Manerix 300mg tablets (Viatris UK Healthcare Ltd),Yes,48311000001107,1856,Reversible Monoamine-Oxidase Inhibitors
12503,Marplan 10mg Tablet (Cambridge Laboratories Ltd),Yes,18065001000027104,4871,Monoamine-Oxidase Inhibitors (MAOI)
18290,Marsilid 25mg Tablet (Roche Products Ltd),Yes,18155001000027104,13,Monoamine-Oxidase Inhibitors (MAOI)
3083,Mianserin 10mg tablets,Yes,321846003,53455,Tricyclic And Related Antidepressants
4329,Mianserin 20mg tablets,Yes,321847007,21398,Unknown
6255,Mianserin 30mg tablets,Yes,321848002,72863,Tricyclic And Related Antidepressants
6421,Mirtazapine 15mg orodispersible tablets,SSRI,375194009,545012,Other Antidepressants
64101,Mirtazapine 15mg orodispersible tablets (Accord-UK Ltd),SSRI,12056111000001106,36,Other Antidepressants
43248,Mirtazapine 15mg orodispersible tablets (Advanz Pharma),SSRI,13738211000001108,27,Other Antidepressants
43237,Mirtazapine 15mg orodispersible tablets (Teva UK Ltd),SSRI,10968811000001104,706,Other Antidepressants
48698,Mirtazapine 15mg orodispersible tablets sugar free,SSRI,20345211000001104,2738,Other Antidepressants
6795,Mirtazapine 15mg tablets,SSRI,375193003,3213967,Other Antidepressants
43239,Mirtazapine 15mg tablets (A A H Pharmaceuticals Ltd),SSRI,9050811000001108,48,Other Antidepressants
59953,Mirtazapine 15mg tablets (Almus Pharmaceuticals Ltd),SSRI,17967011000001108,214,Other Antidepressants
46668,Mirtazapine 15mg tablets (Arrow Generics Ltd),SSRI,10395011000001100,15,Other Antidepressants
43257,Mirtazapine 15mg tablets (Teva UK Ltd),SSRI,13593411000001108,20,Other Antidepressants
16154,Mirtazapine 15mg/ml oral solution sugar free,SSRI,9103511000001102,15662,Other Antidepressants
47966,Mirtazapine 15mg/ml oral solution sugar free (Rosemont Pharmaceuticals Ltd),SSRI,9102911000001102,19,Other Antidepressants
6488,Mirtazapine 30mg orodispersible tablets,SSRI,375195005,417327,Other Antidepressants
76187,Mirtazapine 30mg orodispersible tablets (Viatris UK Healthcare Ltd),SSRI,16630411000001108,953,Other Antidepressants
79008,Mirtazapine 30mg orodispersible tablets (Teva UK Ltd),SSRI,10969211000001104,42,Other Antidepressants
742,Mirtazapine 30mg tablets,SSRI,321998002,4092148,Other Antidepressants
40160,Mirtazapine 30mg tablets (Accord-UK Ltd),SSRI,7985911000001100,259,Other Antidepressants
69005,Mirtazapine 30mg tablets (Almus Pharmaceuticals Ltd),SSRI,17968211000001104,39,Other Antidepressants
78654,Mirtazapine 30mg tablets (Milpharm Ltd),SSRI,19194411000001100,13,Other Antidepressants
63403,Mirtazapine 30mg tablets (Teva UK Ltd),SSRI,8389611000001109,21,Other Antidepressants
6481,Mirtazapine 45mg orodispersible tablets,SSRI,5627911000001100,509958,Other Antidepressants
43235,Mirtazapine 45mg orodispersible tablets (A A H Pharmaceuticals Ltd),SSRI,11255911000001108,18,Other Antidepressants
43236,Mirtazapine 45mg orodispersible tablets (Accord-UK Ltd),SSRI,12056711000001108,52,Other Antidepressants
43234,Mirtazapine 45mg orodispersible tablets (Teva UK Ltd),SSRI,10969511000001100,315,Other Antidepressants
49820,Mirtazapine 45mg orodispersible tablets sugar free,SSRI,20345311000001104,1969,Other Antidepressants
6854,Mirtazapine 45mg tablets,SSRI,375196006,2733558,Other Antidepressants
33337,Mirtazapine 45mg tablets (A A H Pharmaceuticals Ltd),SSRI,9051211000001100,167,Other Antidepressants
58625,Mirtazapine 45mg tablets (Accord-UK Ltd),SSRI,11501311000001104,28,Other Antidepressants
2883,Moclobemide 150mg tablets,Yes,321913005,66785,Reversible Monoamine-Oxidase Inhibitors
67305,Moclobemide 150mg tablets (Sigma Pharmaceuticals Plc),Yes,15232911000001100,66,Reversible Monoamine-Oxidase Inhibitors
41747,Moclobemide 150mg tablets (Teva UK Ltd),Yes,823011000001104,63,Reversible Monoamine-Oxidase Inhibitors
5187,Moclobemide 300mg tablets,Yes,321915003,30867,Reversible Monoamine-Oxidase Inhibitors
4194,Molipaxin 100mg capsules (Zentiva Pharma UK Ltd),Yes,75511000001108,24360,Tricyclic And Related Antidepressants
4003,Molipaxin 150mg tablets (Zentiva Pharma UK Ltd),Yes,1811000001101,30078,Tricyclic And Related Antidepressants
4874,Molipaxin 50mg capsules (Zentiva Pharma UK Ltd),Yes,369211000001100,46725,Tricyclic And Related Antidepressants
8174,Molipaxin 50mg/5ml oral liquid (Sanofi),Yes,3904511000001104,2954,Tricyclic And Related Antidepressants
13621,Molipaxin CR 150mg tablets (Aventis Pharma),Yes,4549511000001102,1050,Unknown
2936,Motival 10mg/500microgram tablets (Sanofi),Yes,125111000001109,100218,Unknown
3349,Nardil 15mg tablets (Neon Healthcare Ltd),Yes,32511000001104,29841,Monoamine-Oxidase Inhibitors (MAOI)
12194,NORTRIPTYLINE 10 MG ELI,Yes,166915001000027100,17,Unknown
7780,Nortriptyline 10mg / Fluphenazine 500microgram tablets,Yes,39692911000001104,17365,Unknown
4118,Nortriptyline 10mg Capsule,Yes,129985001000027100,2961,Tricyclic And Related Antidepressants/Neuropathic Pain
3183,Nortriptyline 10mg tablets,Yes,39701411000001104,571237,Tricyclic And Related Antidepressants/Nocturnal Enuresis
39145,Nortriptyline 10mg/5ml Liquid,Yes,130005001000027100,149,Tricyclic And Related Antidepressants/Neuropathic Pain
68228,Nortriptyline 10mg/5ml oral suspension,Yes,15000711000001104,23,Tricyclic And Related Antidepressants/Nocturnal Enuresis
7678,Nortriptyline 25mg Capsule,Yes,129995001000027100,4326,Tricyclic And Related Antidepressants/Neuropathic Pain
3903,Nortriptyline 25mg tablets,Yes,39701511000001110,309411,Tricyclic And Related Antidepressants/Nocturnal Enuresis
14578,Nortriptyline 30mg / Fluphenazine 1.5mg tablets,Yes,39692711000001104,1189,Unknown
69317,Nortriptyline 50mg tablets,Yes,34034111000001108,13415,Tricyclic And Related Antidepressants/Nocturnal Enuresis
12368,Norval 10mg Tablet (Bencard),Yes,21945001000027104,4450,Tricyclic And Related Antidepressants
11956,Norval 20mg Tablet (Bencard),Yes,21955001000027108,1333,Tricyclic And Related Antidepressants
12192,Norval 30mg Tablet (Bencard),Yes,21965001000027104,5436,Tricyclic And Related Antidepressants
62335,Olena 20mg dispersible tablets (Advanz Pharma),SSRI,24397511000001100,217,Selective Serotonin Re-Uptake Inhibitors (SSRI)
14740,Oxactin 20mg capsules (Discovery Pharmaceuticals),SSRI,689411000001109,60634,Selective Serotonin Re-Uptake Inhibitors (SSRI)
10787,Parnate 10mg Tablet (Goldshield Pharmaceuticals Ltd),Yes,23935001000027104,10717,Monoamine-Oxidase Inhibitors (MAOI)
35021,Paroxetine 10mg tablets,SSRI,39701911000001104,213464,Selective Serotonin Re-Uptake Inhibitors (SSRI)
59288,Paroxetine 10mg tablets (Accord-UK Ltd),SSRI,21541611000001108,39,Selective Serotonin Re-Uptake Inhibitors (SSRI)
67259,Paroxetine 10mg/5ml oral solution,SSRI,13004411000001104,110,Selective Serotonin Re-Uptake Inhibitors (SSRI)
527,Paroxetine 10mg/5ml oral suspension sugar free,SSRI,36565911000001110,91546,Selective Serotonin Re-Uptake Inhibitors (SSRI)
50,Paroxetine 20mg tablets,SSRI,321964006,4968508,Selective Serotonin Re-Uptake Inhibitors (SSRI)
34419,Paroxetine 20mg tablets (A A H Pharmaceuticals Ltd),SSRI,570611000001104,283,Selective Serotonin Re-Uptake Inhibitors (SSRI)
32899,Paroxetine 20mg tablets (Accord-UK Ltd),SSRI,4116911000001101,441,Selective Serotonin Re-Uptake Inhibitors (SSRI)
34351,Paroxetine 20mg tablets (IVAX Pharmaceuticals UK Ltd),SSRI,31211000001109,788,Selective Serotonin Re-Uptake Inhibitors (SSRI)
33978,Paroxetine 20mg tablets (Viatris UK Healthcare Ltd),SSRI,21811000001107,886,Selective Serotonin Re-Uptake Inhibitors (SSRI)
79383,Paroxetine 30mg Tablet (Neo Laboratories Ltd),SSRI,176465001000027100,13,Selective Serotonin Re-Uptake Inhibitors (SSRI)
1397,Paroxetine 30mg tablets,SSRI,321966008,1272795,Selective Serotonin Re-Uptake Inhibitors (SSRI)
34587,Paroxetine 30mg tablets (A A H Pharmaceuticals Ltd),SSRI,7384811000001104,49,Selective Serotonin Re-Uptake Inhibitors (SSRI)
40165,Paroxetine 30mg tablets (Accord-UK Ltd),SSRI,6330111000001108,147,Selective Serotonin Re-Uptake Inhibitors (SSRI)
68325,Paroxetine 40mg tablets,SSRI,422084009,13102,Selective Serotonin Re-Uptake Inhibitors (SSRI)
75054,Paroxetine oral liquid,SSRI,251425001000027100,133,Selective Serotonin Re-Uptake Inhibitors (SSRI)
4321,Phenelzine 15mg tablets,Yes,321902007,89043,Monoamine-Oxidase Inhibitors (MAOI)
43673,Politid XL 150mg capsules (Accord-UK Ltd),SSRI,15116511000001104,400,Other Antidepressants
41299,Politid XL 75mg capsules (Accord-UK Ltd),SSRI,15116711000001108,424,Other Antidepressants
51758,Prothiaden 25mg capsules (Stephar (U.K.) Ltd),Yes,16586411000001104,127,Tricyclic And Related Antidepressants
1169,Prothiaden 25mg capsules (Teofarma S.r.l.),Yes,208811000001101,502268,Tricyclic And Related Antidepressants
2320,Prothiaden 75mg tablets (Teofarma S.r.l.),Yes,733111000001103,599652,Tricyclic And Related Antidepressants
11187,Protriptyline 10mg tablet,Yes,138615001000027100,480,Tricyclic And Related Antidepressants/Neuropathic Pain
7756,Protriptyline 5mg tablet,Yes,138605001000027100,4220,Tricyclic And Related Antidepressants/Neuropathic Pain
60929,Protriptyline 5mg tablets,Yes,376650009,124,Tricyclic And Related Antidepressants
4149,PROTRIPTYLINE HCl 10 MG TAB,Yes,109655001000027100,2494,Unknown
77381,Prozac 20mg capsules (Dowelhurst Ltd),SSRI,5577211000001101,882,Selective Serotonin Re-Uptake Inhibitors (SSRI)
418,Prozac 20mg capsules (Eli Lilly and Company Ltd),SSRI,573011000001101,586776,Selective Serotonin Re-Uptake Inhibitors (SSRI)
48220,Prozac 20mg capsules (Lexon (UK) Ltd),SSRI,16229811000001102,3213,Selective Serotonin Re-Uptake Inhibitors (SSRI)
57532,Prozac 20mg capsules (Waymade Healthcare Plc),SSRI,5405011000001102,211,Selective Serotonin Re-Uptake Inhibitors (SSRI)
252,Prozac 20mg/5ml liquid (Eli Lilly and Company Ltd),SSRI,695811000001109,13774,Selective Serotonin Re-Uptake Inhibitors (SSRI)
4907,Prozac 60mg capsules (Eli Lilly and Company Ltd),SSRI,142311000001103,3513,Selective Serotonin Re-Uptake Inhibitors (SSRI)
37256,Prozep 20mg/5ml oral solution (Rosemont Pharmaceuticals Ltd),SSRI,11581211000001100,633,Selective Serotonin Re-Uptake Inhibitors (SSRI)
33779,Prozit 20mg/5ml oral solution (Pinewood Healthcare),SSRI,10065611000001108,100,Selective Serotonin Re-Uptake Inhibitors (SSRI)
2356,Reboxetine 4mg tablets,Yes,39703311000001104,164979,Other Antidepressants
41314,Rodomel XL 150mg capsules (Teva UK Ltd),SSRI,14934411000001108,494,Other Antidepressants
41033,Rodomel XL 75mg capsules (Teva UK Ltd),SSRI,14934211000001108,595,Other Antidepressants
35112,Seroxat 10mg tablets (GlaxoSmithKline UK Ltd),SSRI,11270611000001108,7207,Selective Serotonin Re-Uptake Inhibitors (SSRI)
74588,Seroxat 20mg tablets (DE Pharmaceuticals),SSRI,18612611000001108,114,Selective Serotonin Re-Uptake Inhibitors (SSRI)
841,Seroxat 20mg tablets (GlaxoSmithKline UK Ltd),SSRI,477511000001109,464634,Selective Serotonin Re-Uptake Inhibitors (SSRI)
73589,Seroxat 20mg tablets (Lexon (UK) Ltd),SSRI,16243511000001100,149,Selective Serotonin Re-Uptake Inhibitors (SSRI)
3601,Seroxat 20mg/10ml liquid (GlaxoSmithKline UK Ltd),SSRI,16811000001109,8239,Selective Serotonin Re-Uptake Inhibitors (SSRI)
1575,Seroxat 30mg tablets (GlaxoSmithKline UK Ltd),SSRI,738111000001107,95675,Selective Serotonin Re-Uptake Inhibitors (SSRI)
76772,Seroxat 30mg tablets (Mawdsley-Brooks & Company Ltd),SSRI,17449511000001104,320,Selective Serotonin Re-Uptake Inhibitors (SSRI)
727,Sertraline 100mg tablets,SSRI,39704011000001104,7450087,Selective Serotonin Re-Uptake Inhibitors (SSRI)
55146,Sertraline 100mg tablets (A A H Pharmaceuticals Ltd),SSRI,9751511000001104,24,Selective Serotonin Re-Uptake Inhibitors (SSRI)
62950,Sertraline 100mg tablets (Accord-UK Ltd),SSRI,20169911000001104,106,Selective Serotonin Re-Uptake Inhibitors (SSRI)
62692,Sertraline 100mg tablets (Bristol Laboratories Ltd),SSRI,16066511000001108,53,Selective Serotonin Re-Uptake Inhibitors (SSRI)
67928,Sertraline 100mg tablets (Milpharm Ltd),SSRI,19197211000001104,35,Selective Serotonin Re-Uptake Inhibitors (SSRI)
54933,Sertraline 100mg tablets (PLIVA Pharma Ltd),SSRI,9738611000001108,21,Selective Serotonin Re-Uptake Inhibitors (SSRI)
66413,Sertraline 100mg tablets (Sun Pharmaceutical Industries Europe B.V.),SSRI,10567411000001104,29,Selective Serotonin Re-Uptake Inhibitors (SSRI)
68756,Sertraline 100mg tablets (Sandoz Ltd),SSRI,9775011000001108,10,Selective Serotonin Re-Uptake Inhibitors (SSRI)
44944,Sertraline 100mg tablets (Teva UK Ltd),SSRI,9746211000001108,127,Selective Serotonin Re-Uptake Inhibitors (SSRI)
73962,Sertraline 100mg tablets (Wockhardt UK Ltd),SSRI,9781211000001104,194,Selective Serotonin Re-Uptake Inhibitors (SSRI)
49519,Sertraline 100mg/5ml oral suspension,SSRI,8721711000001105,559,Selective Serotonin Re-Uptake Inhibitors (SSRI)
78278,Sertraline 12.5mg tablets,SSRI,36905311000001104,10,Selective Serotonin Re-Uptake Inhibitors (SSRI)
54826,Sertraline 150mg/5ml oral suspension,SSRI,13045711000001108,105,Selective Serotonin Re-Uptake Inhibitors (SSRI)
54081,Sertraline 25mg/5ml oral suspension,SSRI,13045911000001104,58,Selective Serotonin Re-Uptake Inhibitors (SSRI)
488,Sertraline 50mg tablets,SSRI,39704111000001104,9275408,Selective Serotonin Re-Uptake Inhibitors (SSRI)
32401,Sertraline 50mg tablets (A A H Pharmaceuticals Ltd),SSRI,9751311000001104,257,Selective Serotonin Re-Uptake Inhibitors (SSRI)
58723,Sertraline 50mg tablets (Accord-UK Ltd),SSRI,20169711000001108,197,Selective Serotonin Re-Uptake Inhibitors (SSRI)
42387,Sertraline 50mg tablets (Actavis UK Ltd),SSRI,9744911000001106,45,Selective Serotonin Re-Uptake Inhibitors (SSRI)
62693,Sertraline 50mg tablets (Bristol Laboratories Ltd),SSRI,16066211000001106,120,Selective Serotonin Re-Uptake Inhibitors (SSRI)
69725,Sertraline 50mg tablets (Crescent Pharma Ltd),SSRI,28988111000001104,65,Selective Serotonin Re-Uptake Inhibitors (SSRI)
79163,Sertraline 50mg tablets (Kent Pharma (UK) Ltd),SSRI,9764711000001104,11,Selective Serotonin Re-Uptake Inhibitors (SSRI)
63481,Sertraline 50mg tablets (Milpharm Ltd),SSRI,19197011000001100,29,Selective Serotonin Re-Uptake Inhibitors (SSRI)
58664,Sertraline 50mg tablets (Viatris UK Healthcare Ltd),SSRI,9842711000001100,454,Selective Serotonin Re-Uptake Inhibitors (SSRI)
69898,Sertraline 50mg tablets (Sandoz Ltd),SSRI,9774711000001104,35,Selective Serotonin Re-Uptake Inhibitors (SSRI)
62927,Sertraline 50mg tablets (Wockhardt UK Ltd),SSRI,9779311000001108,19,Selective Serotonin Re-Uptake Inhibitors (SSRI)
75405,Sertraline 50mg/5ml oral solution,SSRI,36003611000001104,199,Selective Serotonin Re-Uptake Inhibitors (SSRI)
7328,Sertraline 50mg/5ml oral suspension,SSRI,8721911000001107,8759,Selective Serotonin Re-Uptake Inhibitors (SSRI)
77538,Sertraline 50mg/5ml oral suspension (Drug Tariff Special Order),SSRI,8696711000001101,82,Selective Serotonin Re-Uptake Inhibitors (SSRI)
35258,Sinepin 25mg capsules (Marlborough Pharmaceuticals Ltd),Yes,11044311000001104,648,Tricyclic And Related Antidepressants
35493,Sinepin 50mg capsules (Marlborough Pharmaceuticals Ltd),Yes,11044611000001108,606,Tricyclic And Related Antidepressants
10413,Sinequan 10mg capsules (Pfizer Ltd),Yes,259211000001103,18141,Tricyclic And Related Antidepressants
14521,SINEQUAN 15 MG TAB,Yes,62585001000027104,119,Unknown
12129,Sinequan 25mg capsules (Pfizer Ltd),Yes,400611000001102,31014,Tricyclic And Related Antidepressants
12125,Sinequan 50mg capsules (Pfizer Ltd),Yes,621711000001107,11702,Tricyclic And Related Antidepressants
14519,Sinequan 75mg capsules (Pfizer Ltd),Yes,276511000001108,5318,Tricyclic And Related Antidepressants
59753,Sunveniz XL 150mg tablets (Sun Pharmaceutical Industries Europe B.V.),SSRI,21990711000001108,108,Other Antidepressants
60843,Sunveniz XL 75mg tablets (Sun Pharmaceutical Industries Europe B.V.),SSRI,21965311000001104,225,Other Antidepressants
8928,Surmontil 10mg tablets (Sanofi),Yes,908011000001108,12796,Tricyclic And Related Antidepressants
2532,Surmontil 25mg tablets (Sanofi),Yes,498211000001103,74049,Tricyclic And Related Antidepressants
2531,Surmontil 50mg capsules (Sanofi),Yes,101711000001102,76923,Tricyclic And Related Antidepressants
40817,Tardcaps XL 150mg capsules (IXL Pharma Ltd),SSRI,14967611000001108,136,Other Antidepressants
40815,Tardcaps XL 75mg capsules (IXL Pharma Ltd),SSRI,14967411000001106,89,Other Antidepressants
39809,Tifaxin XL 150mg capsules (Genus Pharmaceuticals Ltd),SSRI,14981711000001108,4376,Other Antidepressants
39770,Tifaxin XL 75mg capsules (Genus Pharmaceuticals Ltd),SSRI,14981511000001102,4550,Other Antidepressants
2579,Tofranil 10mg Tablet (Novartis Pharmaceuticals UK Ltd),Yes,59085001000027104,4294,"Tricyclic And Related Antidepressants/Drugs For Urinary Frequency, Enuresis, And Incontinence"
56501,Tofranil 25mg tablets (Lexon (UK) Ltd),Yes,16276511000001108,797,Tricyclic And Related Antidepressants/Nocturnal Enuresis
7910,Tofranil 25mg tablets (Novartis Pharmaceuticals UK Ltd),Yes,53511000001107,34123,Tricyclic And Related Antidepressants
4404,Tofranil 25mg/5ml syrup (Novartis Pharmaceuticals UK Ltd),Yes,214311000001103,8205,Unknown
8826,TOFRANIL 50 MG TAB,Yes,57825001000027104,684,Unknown
57751,Tonpular XL 150mg capsules (Wockhardt UK Ltd),SSRI,16455211000001100,98,Other Antidepressants
52716,Tonpular XL 75mg capsules (Wockhardt UK Ltd),SSRI,16455011000001106,97,Other Antidepressants
3783,Tranylcypromine 10mg tablets,Yes,39708811000001104,34102,Monoamine-Oxidase Inhibitors (MAOI)
3955,Tranylcypromine with trifluoperazine Tablet,Yes,144765001000027100,2402,Antipsychotic Products/Monoamine-Oxidase Inhibitors (MAOI)
1730,Trazodone 100mg capsules,Yes,321880000,886747,Tricyclic And Related Antidepressants
34580,Trazodone 100mg capsules (A A H Pharmaceuticals Ltd),Yes,173311000001109,952,Tricyclic And Related Antidepressants
73639,Trazodone 100mg capsules (Accord-UK Ltd),Yes,16238511000001108,40,Tricyclic And Related Antidepressants
19181,Trazodone 100mg capsules (Viatris UK Healthcare Ltd),Yes,733411000001108,117,Tricyclic And Related Antidepressants
41709,Trazodone 100mg capsules (Teva UK Ltd),Yes,656611000001106,32,Tricyclic And Related Antidepressants
41710,Trazodone 100mg capsules (Zentiva Pharma UK Ltd),Yes,158611000001108,81,Tricyclic And Related Antidepressants
65152,Trazodone 100mg/5ml oral solution,Yes,13358711000001100,21,Tricyclic And Related Antidepressants
72291,Trazodone 100mg/5ml oral solution sugar free,Yes,35113311000001104,575,Tricyclic And Related Antidepressants
12710,Trazodone 150mg modified-release tablets,Yes,4557211000001109,3911,Unknown
4020,Trazodone 150mg tablets,Yes,321877001,704100,Tricyclic And Related Antidepressants
73419,Trazodone 150mg tablets (A A H Pharmaceuticals Ltd),Yes,782911000001101,25,Tricyclic And Related Antidepressants
30983,Trazodone 150mg tablets (Viatris UK Healthcare Ltd),Yes,151911000001106,103,Tricyclic And Related Antidepressants
29857,Trazodone 150mg tablets (Teva UK Ltd),Yes,620611000001108,136,Tricyclic And Related Antidepressants
34470,Trazodone 150mg tablets (Zentiva Pharma UK Ltd),Yes,120311000001104,104,Tricyclic And Related Antidepressants
3355,Trazodone 50mg capsules,Yes,321881001,1201400,Tricyclic And Related Antidepressants
34003,Trazodone 50mg capsules (A A H Pharmaceuticals Ltd),Yes,868211000001107,1350,Tricyclic And Related Antidepressants
29339,Trazodone 50mg capsules (Viatris UK Healthcare Ltd),Yes,266411000001103,65,Tricyclic And Related Antidepressants
41609,Trazodone 50mg capsules (Teva UK Ltd),Yes,667211000001102,256,Tricyclic And Related Antidepressants
34421,Trazodone 50mg capsules (Zentiva Pharma UK Ltd),Yes,226111000001100,116,Tricyclic And Related Antidepressants
61842,Trazodone 50mg/5ml oral solution,Yes,13359711000001108,157,Tricyclic And Related Antidepressants
6442,Trazodone 50mg/5ml oral solution sugar free,Yes,3909411000001104,125627,Tricyclic And Related Antidepressants
4310,Trimipramine 10mg tablets,Yes,321887002,47084,Tricyclic And Related Antidepressants
42228,Trimipramine 10mg tablets (A A H Pharmaceuticals Ltd),Yes,9710311000001108,43,Tricyclic And Related Antidepressants
2039,Trimipramine 25mg tablets,Yes,321888007,156459,Tricyclic And Related Antidepressants
45226,Trimipramine 25mg tablets (A A H Pharmaceuticals Ltd),Yes,9710511000001104,51,Tricyclic And Related Antidepressants
2533,TRIMIPRAMINE 50 MG TAB,Yes,57145001000027104,10788,Unknown
3196,Trimipramine 50mg capsules,Yes,321886006,184269,Tricyclic And Related Antidepressants
8726,Tryptizol 10mg Tablet (Merck Sharp & Dohme Ltd),Yes,59295001000027104,22637,Tricyclic And Related Antidepressants/Neuropathic Pain
8878,Tryptizol 10mg/5ml sugar free Oral solution (Merck Sharp and Dohme Ltd),Yes,59395001000027104,4511,Tricyclic And Related Antidepressants/Neuropathic Pain
182,Tryptizol 10mg/ml Injection (Merck Sharp & Dohme Ltd),Yes,59335001000027104,28,Tricyclic And Related Antidepressants
7751,Tryptizol 25mg Tablet (Merck Sharp & Dohme Ltd),Yes,59305001000027104,81884,Tricyclic And Related Antidepressants/Neuropathic Pain
8332,Tryptizol 50mg Tablet (Merck Sharp & Dohme Ltd),Yes,59315001000027110,18442,Tricyclic And Related Antidepressants/Neuropathic Pain
8831,Tryptizol mr 75mg Modified-release capsule (Merck Sharp & Dohme Ltd),Yes,59345001000027104,9040,Tricyclic And Related Antidepressants/Neuropathic Pain
54686,Tryptophan 500mg capsules,Yes,21781311000001108,3092,Other Antidepressants
4422,Tryptophan 500mg tablets,Yes,41989911000001104,20146,Other Antidepressants
8844,Tryptophan with ascorbic acid and pyridoxine powder,Yes,145925001000027100,27,Other Antidepressants
40295,Valdoxan 25mg tablets (Servier Laboratories Ltd),Yes,15457711000001104,3146,Other Antidepressants
40514,Venaxx XL 150mg capsules (Advanz Pharma),SSRI,15068911000001100,38092,Other Antidepressants
40515,Venaxx XL 75mg capsules (Advanz Pharma),SSRI,15068711000001102,37208,Other Antidepressants
70420,Vencarm XL 150mg capsules (Aspire Pharma Ltd),SSRI,34180811000001108,8068,Other Antidepressants
70495,Vencarm XL 225mg capsules (Aspire Pharma Ltd),SSRI,34180611000001108,26772,Other Antidepressants
69819,Vencarm XL 37.5mg capsules (Aspire Pharma Ltd),SSRI,34181211000001100,7575,Other Antidepressants
70315,Vencarm XL 75mg capsules (Aspire Pharma Ltd),SSRI,34181011000001104,8190,Other Antidepressants
50081,Venlablue XL 150mg capsules (Zentiva Pharma UK Ltd),SSRI,16421511000001100,14653,Other Antidepressants
59035,Venlablue XL 37.5mg capsules (Zentiva Pharma UK Ltd),SSRI,23474511000001108,5649,Other Antidepressants
49511,Venlablue XL 75mg capsules (Zentiva Pharma UK Ltd),SSRI,16421311000001106,13195,Other Antidepressants
58726,Venladex XL 150mg tablets (Dexcel-Pharma Ltd),SSRI,23343211000001100,903,Other Antidepressants
74516,Venladex XL 225mg tablets (Dexcel-Pharma Ltd),SSRI,35638211000001108,529,Other Antidepressants
58681,Venladex XL 75mg tablets (Dexcel-Pharma Ltd),SSRI,23343411000001100,1437,Other Antidepressants
55501,Venlafaxine 150mg Modified-release capsule (Hillcross Pharmaceuticals Ltd),SSRI,199945001000027100,380,Other Antidepressants
2654,Venlafaxine 150mg modified-release capsules,SSRI,38750411000001104,1599264,Other Antidepressants
70806,Venlafaxine 150mg modified-release capsules (DE Pharmaceuticals),SSRI,30110611000001104,57,Other Antidepressants
71782,Venlafaxine 150mg modified-release capsules (Mawdsley-Brooks & Company Ltd),SSRI,30944311000001100,13,Other Antidepressants
43334,Venlafaxine 150mg modified-release capsules (Sandoz Ltd),SSRI,15157211000001104,14,Other Antidepressants
39360,Venlafaxine 150mg modified-release tablets,SSRI,14984911000001108,562342,Other Antidepressants
62734,Venlafaxine 150mg/5ml oral suspension,SSRI,13467111000001100,16,Other Antidepressants
65666,Venlafaxine 225mg modified-release capsules,SSRI,31016011000001104,52520,Other Antidepressants
40054,Venlafaxine 225mg modified-release tablets,SSRI,15439111000001108,258748,Other Antidepressants
58837,Venlafaxine 37.5mg modified-release capsules,SSRI,23560511000001100,93375,Other Antidepressants
45806,Venlafaxine 37.5mg modified-release tablets,SSRI,18765111000001100,86880,Other Antidepressants
301,Venlafaxine 37.5mg tablets,SSRI,39707611000001104,1193128,Other Antidepressants
73667,Venlafaxine 37.5mg tablets (Actavis UK Ltd),SSRI,14958511000001100,19,Other Antidepressants
75525,Venlafaxine 37.5mg tablets (Almus Pharmaceuticals Ltd),SSRI,34956211000001104,16,Other Antidepressants
60895,Venlafaxine 37.5mg tablets (Teva UK Ltd),SSRI,14958711000001106,11,Other Antidepressants
51699,Venlafaxine 37.5mg/5ml oral solution,SSRI,14017911000001108,113,Other Antidepressants
13237,Venlafaxine 37.5mg/5ml oral suspension,SSRI,8722711000001103,2196,Other Antidepressants
2617,Venlafaxine 50mg tablets,SSRI,39707311000001110,15624,Unknown
470,Venlafaxine 75mg modified-release capsules,SSRI,38750311000001104,2089326,Other Antidepressants
71257,Venlafaxine 75mg modified-release capsules (DE Pharmaceuticals),SSRI,30110411000001108,60,Other Antidepressants
59563,Venlafaxine 75mg modified-release capsules (Kent Pharma (UK) Ltd),SSRI,15022711000001108,28,Other Antidepressants
68876,Venlafaxine 75mg modified-release capsules (Mawdsley-Brooks & Company Ltd),SSRI,30944111000001104,41,Other Antidepressants
39359,Venlafaxine 75mg modified-release tablets,SSRI,14985011000001108,500133,Other Antidepressants
1222,Venlafaxine 75mg tablets,SSRI,39707411000001104,1211386,Other Antidepressants
66437,Venlafaxine 75mg tablets (DE Pharmaceuticals),SSRI,30110211000001108,17,Other Antidepressants
56457,Venlafaxine 75mg tablets (Teva UK Ltd),SSRI,14959111000001104,114,Other Antidepressants
53326,Venlafaxine 75mg/5ml oral solution,SSRI,14018011000001106,321,Other Antidepressants
63268,Venlafaxine 75mg/5ml oral suspension,SSRI,14018111000001108,237,Other Antidepressants
40062,Venlalic XL 150mg tablets (Ethypharm UK Ltd),SSRI,15375411000001108,176823,Other Antidepressants
40407,Venlalic XL 225mg tablets (Ethypharm UK Ltd),SSRI,15376011000001108,68232,Other Antidepressants
45818,Venlalic XL 37.5mg tablets (Ethypharm UK Ltd),SSRI,18748311000001100,21203,Other Antidepressants
40059,Venlalic XL 75mg tablets (Ethypharm UK Ltd),SSRI,15375711000001104,154191,Other Antidepressants
44936,Venlaneo XL 150mg capsules (Kent Pharma (UK) Ltd),SSRI,18148811000001100,182,Other Antidepressants
44937,Venlaneo XL 75mg capsules (Kent Pharma (UK) Ltd),SSRI,18148611000001104,61,Other Antidepressants
71932,Venlasov XL 150mg capsules (Sovereign Medical Ltd),SSRI,34740711000001100,245,Other Antidepressants
70931,Venlasov XL 75mg capsules (Sovereign Medical Ltd),SSRI,34740911000001104,95,Other Antidepressants
40092,Vensir XL 150mg capsules (Morningside Healthcare Ltd),SSRI,14975411000001108,335993,Other Antidepressants
67563,Vensir XL 225mg capsules (Morningside Healthcare Ltd),SSRI,32833611000001108,39612,Other Antidepressants
40277,Vensir XL 75mg capsules (Morningside Healthcare Ltd),SSRI,14975211000001108,281938,Other Antidepressants
76727,Venzip XL 150mg capsules (Milpharm Ltd),SSRI,35797111000001104,20,Other Antidepressants
40517,Vexarin XL 150mg capsules (Viatris UK Healthcare Ltd),SSRI,14974711000001100,17,Other Antidepressants
42600,Vexarin XL 75mg capsules (Viatris UK Healthcare Ltd),SSRI,14974911000001104,16,Other Antidepressants
40764,ViePax 37.5mg tablets (Dexcel-Pharma Ltd),SSRI,14978711000001108,317,Other Antidepressants
40917,ViePax 75mg tablets (Dexcel-Pharma Ltd),SSRI,14978911000001104,337,Other Antidepressants
40049,ViePax XL 150mg tablets (Dexcel-Pharma Ltd),SSRI,14981311000001108,8606,Other Antidepressants
40048,ViePax XL 75mg tablets (Dexcel-Pharma Ltd),SSRI,14980711000001104,8142,Other Antidepressants
12309,Viloxazine hcl 50mg tablets,SSRI,132045001000027100,715,Tricyclic And Related Antidepressants
12111,Vivalan 50mg Tablet (AstraZeneca UK Ltd),SSRI,34615001000027104,344,Tricyclic And Related Antidepressants
65483,Vortioxetine 10mg tablets,SSRI,30738611000001104,23567,Other Antidepressants
66890,Vortioxetine 20mg tablets,SSRI,30738711000001100,18570,Other Antidepressants
65482,Vortioxetine 5mg tablets,SSRI,30738811000001108,12306,Other Antidepressants
75848,Winfex XL 150mg capsules (Zentiva Pharma UK Ltd),SSRI,14954811000001106,10,Other Antidepressants
16969,Yentreve 20mg gastro-resistant capsules (Eli Lilly and Company Ltd),SSRI,8048811000001109,6723,Urinary Incontinence
14803,Yentreve 40mg gastro-resistant capsules (Eli Lilly and Company Ltd),SSRI,8049111000001109,4962,Urinary Incontinence
77377,Zispin 30mg tablets (Dowelhurst Ltd),SSRI,5562811000001106,253,Other Antidepressants
4726,Zispin 30mg tablets (Organon Laboratories Ltd),SSRI,523611000001107,57178,Other Antidepressants
67272,Zispin 30mg tablets (Waymade Healthcare Plc),SSRI,5430611000001106,87,Other Antidepressants
6846,Zispin SolTab 15mg orodispersible tablets (Organon Pharma (UK) Ltd),SSRI,5608811000001102,23794,Other Antidepressants
10083,Zispin SolTab 30mg orodispersible tablets (Organon Pharma (UK) Ltd),SSRI,4859711000001106,30887,Other Antidepressants
15268,Zispin SolTab 45mg orodispersible tablets (Organon Pharma (UK) Ltd),SSRI,5595811000001101,18481,Other Antidepressants
2394,Buspar 5mg tablets (IXL Pharma Ltd),Yes,365311000001106,62174,Anxiolytics
43240,Buspirone 5mg tablets (Viatris UK Healthcare Ltd),Yes,16630211000001108,14,Anxiolytics
28880,Buspirone 5mg Tablet (Galen Ltd),Yes,88965001000027100,602,Anxiolytics
61443,Buspirone 10mg tablets (A A H Pharmaceuticals Ltd),Yes,302511000001105,31,Anxiolytics
67263,Buspar 5mg tablets (Dowelhurst Ltd),Yes,5526911000001106,102,Anxiolytics
46847,Buspirone 10mg tablets (Accord-UK Ltd),Yes,67611000001106,27,Anxiolytics
49504,Buspar 10mg tablets (Lexon (UK) Ltd),Yes,16143211000001100,18,Anxiolytics
59095,Buspirone 5mg tablets (A A H Pharmaceuticals Ltd),Yes,741811000001105,72,Anxiolytics
40153,Buspirone 10mg Tablet (Galen Ltd),Yes,88975001000027100,244,Anxiolytics
5385,Buspirone 10mg tablets,Yes,39734311000001104,181198,Anxiolytics
9008,Buspar 10mg tablets (IXL Pharma Ltd),Yes,737211000001100,11602,Anxiolytics
86568,Buspirone 15mg tablets,Yes,40548711000001104,104,Anxiolytics
3574,Buspirone 5mg tablets,Yes,39734411000001104,443476,Anxiolytics
87911,Buspirone 5mg/5ml oral suspension,Yes,8304311000001104,11,Anxiolytics
45275,Buspirone 5mg tablets (Accord-UK Ltd),Yes,741511000001107,1976,Anxiolytics
83503,Buspar 5mg tablets (Lexon (UK) Ltd),Yes,16143011000001106,42,Anxiolytics
78957,Buspirone 7.5mg tablets,Yes,37236111000001104,81,Anxiolytics
