prodcode,dmdcode,gemscriptcode,therapyevents,productname,ingredient,strength,formulation,routeofadministration,bnfchapter,bnftext,databasebuild,ap_code
47895,18290311000001104,99285020,414,Brilique 90mg tablets (AstraZeneca UK Ltd),Ticagrelor,90mg,Tablet,Oral,02090000,Antiplatelet Products,October 2012,1
393,544911000001101,73356020,549,Disprin 300mg dispersible tablets (Reckitt Benckiser Healthcare (UK) Ltd),Aspirin,300mg,Dispersible tablet,Oral,02090000/04070100,Antiplatelet Products/Non-Opioid And Compound Analgesics,February 2009,1
43434,211011000001104,59945020,277,Aspirin 300mg gastro-resistant tablets (A A H Pharmaceuticals Ltd),Aspirin,300mg,Gastro-resistant tablet,Oral,02090000/04070100,Antiplatelet Products/Non-Opioid And Compound Analgesics,September 2010,1
48165,696811000001101,61768020,1,Aspirin 300mg tablets (Aspar Pharmaceuticals Ltd),Aspirin,300mg,Tablet,Oral,02090000/04070100,Antiplatelet Products/Non-Opioid And Compound Analgesics,December 2012,1
40913,15907411000001100,97373020,674,Grepid 75mg tablets (Kent Pharma (UK) Ltd),Clopidogrel,75mg,Tablet,Oral,02090000,Antiplatelet Products,December 2009,1
377,39695211000001104,54360020,914855,Aspirin 300mg dispersible tablets,Aspirin,300mg,Dispersible tablet,Oral,02090000/04070100,Antiplatelet Products/Non-Opioid And Compound Analgesics,February 2009,1
10310,5145711000001107,52556020,1873,Aspirin powder,Aspirin,1mg/1mg,Not applicable,Route of administration not applicable,02090000/04070100/50030000,Antiplatelet Products/Non-Opioid And Compound Analgesics/Extemporaneous Item,February 2009,1
31954,33511000001106,53701020,22223,Aspirin 75mg dispersible tablets (Teva UK Ltd),Aspirin,75mg,Dispersible tablet,Oral,02090000,Antiplatelet Products,February 2009,1
59253,21777711000001108,47190020,15,Aspirin 75mg gastro-resistant tablets (Waymade Healthcare Plc),Aspirin,75mg,Gastro-resistant tablet,Oral,02090000,Antiplatelet Products,March 2014,1
49685,15069611000001102,02346020,61,Aspirin 75mg dispersible tablets (Sigma Pharmaceuticals Plc),Aspirin,75mg,Dispersible tablet,Oral,02090000,Antiplatelet Products,January 2013,1
41229,15240211000001104,96712020,399,Efient 10mg tablets (Vygoris Ltd),Prasugrel,10mg,Tablet,Oral,02090000,Antiplatelet Products,February 2010,1
75011,25665001000027104,51215020,150,Dipyridamole 100mg Tablet (C P Pharmaceuticals Ltd),Dipyridamole,100mg,Tablet,Oral,02090000,Antiplatelet Products,February 2019,1
1902,166755001000027100,70337020,4077,Aspirn 600mg gastro-resistant tablets,Aspirin,600mg,Gastro-Resistant Tablets,Oral,02090000/04070100,Antiplatelet Products/Non-Opioid And Compound Analgesics,February 2009,1
1049,22125001000027104,50796020,2760,Nu-seals aspirin 600mg Tablet (Eli Lilly and Company Ltd),Aspirin,600mg,Tablet,Oral,02090000/04070100,Antiplatelet Products/Non-Opioid And Compound Analgesics,February 2009,1
70606,34713411000001108,78181021,1240,Ticagrelor 90mg orodispersible tablets sugar free,Ticagrelor,90mg,Orodispersible tablet,Oral,02090000,Antiplatelet Products,November 2017,1
59244,21109511000001104,44166020,33,Aspirin 100mg capsules,Aspirin,100mg,Capsule,Oral,02090000/04070100,Antiplatelet Products/Non-Opioid And Compound Analgesics,March 2014,1
88434,30015311000001100,53336021,2,Clopidogrel 75mg tablets (Mawdsley-Brooks & Company Ltd),Clopidogrel,75mg,Tablet,Oral,02090000,Antiplatelet Products,July 2023,1
4679,3292511000001108,85728020,274206,Asasantin Retard capsules (Boehringer Ingelheim Ltd),Aspirin/Dipyridamole,25mg + 200mg,Modified-release capsule,Oral,02090000,Antiplatelet Products,February 2009,1
72650,244055001000027100,91812020,6,Dipyridamole oral liquid,Dipyridamole,,,,02090000,Antiplatelet Products,July 2018,1
34385,47665001000027104,54012020,690,Aspirin 75mg Soluble tablet (Co-operative),Aspirin,75mg,Dispersible tablet,Oral,02090000,Antiplatelet Products,February 2009,1
34709,151611000001100,51223020,6,Dipyridamole 100mg tablets (A A H Pharmaceuticals Ltd),Dipyridamole,100mg,Tablet,Oral,02090000,Antiplatelet Products,February 2009,1
66973,32472211000001104,67744021,9297,Ticagrelor 60mg tablets,Ticagrelor,60mg,Tablet,Oral,02090000,Antiplatelet Products,August 2016,1
45905,18747911000001100,99683020,218,Clopidogrel 1mg/ml oral suspension,Clopidogrel hydrogen sulfate,1mg/1ml,Oral suspension,Oral,02090000,Antiplatelet Products,August 2011,1
78167,25705001000027104,51219020,356,Dipyridamole 25mg Tablet (IVAX Pharmaceuticals UK Ltd),Dipyridamole,25mg,Tablet,Oral,02090000,Antiplatelet Products,October 2019,1
35108,8456511000001101,91810020,4154,Dipyridamole 100mg/5ml oral suspension,Dipyridamole,20mg/1ml,Oral suspension,Oral,02090000,Antiplatelet Products,February 2009,1
18217,4930911000001106,78272020,1785,Aspirin 300mg orodispersible tablets sugar free,Aspirin,300mg,Orodispersible tablet,Oral,02090000/04070100,Antiplatelet Products/Non-Opioid And Compound Analgesics,February 2009,1
79389,158465001000027100,69135020,10,Platet 300mg Effervescent tablet (Roche Products Ltd),Aspirin,300mg,Effervescent tablet,Oral,02090000/04070100,Antiplatelet Products/Non-Opioid And Compound Analgesics,December 2019,1
9144,927411000001108,80899020,9793,Caprin 75mg gastro-resistant tablets (Wockhardt UK Ltd),Aspirin,75mg,Gastro-resistant tablet,Oral,02090000/04070100,Antiplatelet Products/Non-Opioid And Compound Analgesics,February 2009,1
21989,116715001000027100,63357020,1783,Cerebrovase 100mg Tablet (Ashbourne Pharmaceuticals Ltd),Dipyridamole,100mg,Tablet,Oral,02090000,Antiplatelet Products,February 2009,1
50555,13585411000001104,08038020,1,Aspirin 300mg dispersible tablets (DE Pharmaceuticals),Aspirin,300mg,Dispersible tablet,Oral,02090000/04070100,Antiplatelet Products/Non-Opioid And Compound Analgesics,January 2013,1
6666,36069911000001110,85724020,174637,Dipyridamole 200mg modified-release / Aspirin 25mg capsules,Aspirin/Dipyridamole,25mg + 200mg,Modified-release capsule,Oral,02090000,Antiplatelet Products,February 2009,1
41569,802811000001105,48776020,115,Aspirin 300mg tablets (A A H Pharmaceuticals Ltd),Aspirin,300mg,Tablet,Oral,02090000/04070100,Antiplatelet Products/Non-Opioid And Compound Analgesics,March 2010,1
31858,234645001000027100,86558020,1,Caspac xl 162.5mg Capsule (Pharmacia Ltd),Aspirin,162.5mg,Capsule,Oral,02090000/04070100,Antiplatelet Products/Non-Opioid And Compound Analgesics,February 2009,1
67521,12012311000001102,30277020,4,Aspirin 15mg/5ml oral suspension,Aspirin,3mg/1ml,Oral suspension,Oral,02090000/04070100/04070401/10010100,Antiplatelet Products/Non-Opioid And Compound Analgesics/Acute Migraine/Non-Steroidal Anti-Inflammatory Drugs,September 2016,1
8645,160195001000027100,69426020,507,Aspirin 300mg effervescent tablets,Aspirin,300mg,Tablets,Oral,02090000/04070100,Antiplatelet Products/Non-Opioid And Compound Analgesics,February 2009,1
34485,592811000001109,58873020,926,Aspirin 75mg gastro-resistant tablets (IVAX Pharmaceuticals UK Ltd),Aspirin,75mg,Gastro-resistant tablet,Oral,02090000,Antiplatelet Products,February 2009,1
69216,27963111000001100,31328021,2,Dipyridamole 200mg modified-release / Aspirin 25mg capsules (A A H Pharmaceuticals Ltd),Aspirin/Dipyridamole,25mg + 200mg,Modified-release capsule,Oral,02090000,Antiplatelet Products,April 2017,1
645,322232006,75037020,791,Aspirin 300mg suppositories,Aspirin,300mg,Suppository,Rectal,02090000/04070100,Antiplatelet Products/Non-Opioid And Compound Analgesics,February 2009,1
32210,442511000001105,48770020,2001,Aspirin 300mg dispersible tablets (Accord-UK Ltd),Aspirin,300mg,Dispersible tablet,Oral,02090000/04070100,Antiplatelet Products/Non-Opioid And Compound Analgesics,February 2009,1
70549,32968711000001108,69973021,10,Danamep 75mg dispersible tablets (Ecogen Europe Ltd),Aspirin,75mg,Dispersible tablet,Oral,02090000,Antiplatelet Products,October 2017,1
34309,785211000001100,48775020,82,Aspirin 300mg dispersible tablets (A A H Pharmaceuticals Ltd),Aspirin,300mg,Dispersible tablet,Oral,02090000/04070100,Antiplatelet Products/Non-Opioid And Compound Analgesics,February 2009,1
30920,117975001000027100,63543020,14,Aspirin 300mg Dispersible tablet (M & A Pharmachem Ltd),Aspirin,300mg,Dispersible tablet,Oral,02090000/04070100,Antiplatelet Products/Non-Opioid And Compound Analgesics,February 2009,1
33668,109735001000027100,62403020,26,Aspirin 300mg Dispersible tablet (Rusco Ltd),Aspirin,300mg,Dispersible tablet,Oral,02090000/04070100,Antiplatelet Products/Non-Opioid And Compound Analgesics,February 2009,1
64929,8456311000001107,19765020,16,Dipyridamole 200mg/5ml oral suspension,Dipyridamole,40mg/1ml,Oral suspension,Oral,02090000,Antiplatelet Products,December 2015,1
74302,12014111000001108,30301020,1,Aspirin 75mg/5ml oral suspension,Aspirin,15mg/1ml,Oral suspension,Oral,02090000,Antiplatelet Products,January 2019,1
57036,16247711000001100,77043020,18,Clopidogrel 75mg tablets (Viatris UK Healthcare Ltd),Clopidogrel,75mg,Tablet,Oral,02090000,Antiplatelet Products,September 2013,1
53751,17861911000001108,02380020,166,Clopidogrel 75mg tablets (Phoenix Healthcare Distribution Ltd),Clopidogrel,75mg,Tablet,Oral,02090000,Antiplatelet Products,February 2013,1
33676,173911000001105,63290020,33,Aspirin 75mg dispersible tablets (Kent Pharma (UK) Ltd),Aspirin,75mg,Dispersible tablet,Oral,02090000,Antiplatelet Products,February 2009,1
77623,167885001000027100,70470020,21,Caprin 324mg Modified-release tablet (Pinewood Healthcare),Aspirin,324mg,Modified-Release Tablet,,02090000,Antiplatelet Products,August 2019,1
8185,4532311000001104,74303020,2109,Disprin CV 300mg modified-release tablets (Reckitt Benckiser Healthcare (UK) Ltd),Aspirin,300mg,Modified-release tablet,Oral,02090000/04070100,Antiplatelet Products/Non-Opioid And Compound Analgesics,February 2009,1
67037,22700111000001104,17199021,49,Clopidogrel 75mg tablets (Zentiva Pharma UK Ltd),Clopidogrel,75mg,Tablet,Oral,02090000,Antiplatelet Products,August 2016,1
71192,32394411000001100,62254021,1,Aspirin 75mg tablets (Kent Pharma (UK) Ltd),Aspirin,75mg,Tablet,Oral,02090000,Antiplatelet Products,December 2017,1
67858,30798211000001104,60151021,1,Aspirin 25mg capsules,Aspirin,25mg,Capsule,Oral,02090000/04070100,Antiplatelet Products/Non-Opioid And Compound Analgesics,October 2016,1
1137,22115001000027100,50795020,179797,Nu-seals aspirin ec 300mg Gastro-resistant tablet (Eli Lilly and Company Ltd),Aspirin,300mg,Gastro-resistant tablet,Oral,02090000/04070100,Antiplatelet Products/Non-Opioid And Compound Analgesics,February 2009,1
2105,81025001000027100,58313020,38,Solprin 300mg Tablet (Reckitt Benckiser Healthcare (UK) Ltd),Aspirin,300mg,Dispersible tablet,Oral,02090000/04070100,Antiplatelet Products/Non-Opioid And Compound Analgesics,February 2009,1
1814,319759002,62695020,519119,Dipyridamole 100mg tablets,Dipyridamole,100mg,Tablet,Oral,02090000,Antiplatelet Products,February 2009,1
60777,22611211000001104,16679021,1,Aspirin 75mg gastro-resistant tablets (DE Pharmaceuticals),Aspirin,75mg,Gastro-resistant tablet,Oral,02090000,Antiplatelet Products,August 2014,1
30976,194955001000027100,74842020,25,Modaplate 100mg Tablet (Berk Pharmaceuticals Ltd),Dipyridamole,100mg,Tablet,Oral,02090000,Antiplatelet Products,February 2009,1
74096,8280811000001105,19014020,1,Aspirin 50mg/5ml oral suspension,Aspirin,10mg/1ml,Oral suspension,Oral,02090000/04070100/04070401/10010100,Antiplatelet Products/Non-Opioid And Compound Analgesics/Acute Migraine/Non-Steroidal Anti-Inflammatory Drugs,December 2018,1
39738,256995001000027100,96734020,827,Aspirin 162.5mg modified-release capsules,Aspirin,162.5mg,Modified Release Capsules,Oral,02090000,Antiplatelet Products,June 2009,1
9939,4650611000001100,68708020,4917,Aspirin 500mg effervescent tablets sugar free,Aspirin,500mg,Effervescent tablet,Oral,02090000/04070100,Antiplatelet Products/Non-Opioid And Compound Analgesics,February 2009,1
43806,575111000001104,57869020,352,Aspirin 300mg gastro-resistant tablets (Sandoz Ltd),Aspirin,300mg,Gastro-resistant tablet,Oral,02090000/04070100,Antiplatelet Products/Non-Opioid And Compound Analgesics,October 2010,1
22618,88525001000027100,59214020,213,Solprin 75mg Tablet (Reckitt Benckiser Healthcare (UK) Ltd),Aspirin,75mg,Dispersible tablet,Oral,02090000,Antiplatelet Products,February 2009,1
54430,17629911000001104,02352020,1,Aspirin 75mg tablets (Alliance Healthcare (Distribution) Ltd),Aspirin,75mg,Tablet,Oral,02090000,Antiplatelet Products,April 2013,1
85694,30991911000001108,60300021,2,Boots Aspirin 300mg dispersible tablets (The Boots Company Plc),Aspirin,300mg,Dispersible tablet,Oral,02090000/04070100,Antiplatelet Products/Non-Opioid And Compound Analgesics,February 2022,1
67567,8456611000001102,19770020,5,Dipyridamole 100mg/5ml oral solution,Dipyridamole,20mg/1ml,Oral solution,Oral,02090000,Antiplatelet Products,September 2016,1
84924,21777011000001104,47553020,11,Aspirin 300mg dispersible tablets (Waymade Healthcare Plc),Aspirin,300mg,Dispersible tablet,Oral,02090000/04070100,Antiplatelet Products/Non-Opioid And Compound Analgesics,October 2021,1
714,39020811000001104,62696020,2019561,Dipyridamole 200mg modified-release capsules,Dipyridamole,200mg,Modified-release capsule,Oral,02090000,Antiplatelet Products,February 2009,1
75916,11712811000001108,29733020,2,Aspirin 100mg/5ml oral suspension,Aspirin,20mg/1ml,Oral suspension,Oral,02090000/04070100/04070401/10010100,Antiplatelet Products/Non-Opioid And Compound Analgesics/Acute Migraine/Non-Steroidal Anti-Inflammatory Drugs,April 2019,1
19189,218785001000027100,82090020,111,Micropirin 75mg Gastro-resistant tablet (Ratiopharm UK Ltd),Aspirin,75mg,Gastro-resistant tablet,Oral,02090000,Antiplatelet Products,February 2009,1
76174,339811000001108,61742020,3,Dipyridamole 50mg/5ml oral suspension sugar free (Rosemont Pharmaceuticals Ltd),Dipyridamole,10mg/1ml,Oral suspension,Oral,02090000,Antiplatelet Products,May 2019,1
85696,21936211000001108,47191020,8,Clopidogrel 75mg tablets (Waymade Healthcare Plc),Clopidogrel,75mg,Tablet,Oral,02090000,Antiplatelet Products,February 2022,1
80777,34672011000001104,78182021,12,Brilique 90mg orodispersible tablets (AstraZeneca UK Ltd),Ticagrelor,90mg,Orodispersible tablet,Oral,02090000,Antiplatelet Products,May 2020,1
54700,15933611000001104,76842020,51,Clopidogrel 75mg tablets (A A H Pharmaceuticals Ltd),Clopidogrel,75mg,Tablet,Oral,02090000,Antiplatelet Products,April 2013,1
43709,9790111000001106,69677020,10,Aspirin 75mg gastro-resistant tablets (Almus Pharmaceuticals Ltd),Aspirin,75mg,Gastro-resistant tablet,Oral,02090000,Antiplatelet Products,October 2010,1
51358,752511000001101,60705020,4,Dipyridamole 100mg tablets (Viatris UK Healthcare Ltd),Dipyridamole,100mg,Tablet,Oral,02090000,Antiplatelet Products,January 2013,1
84784,29996411000001108,53625021,6,Aspirin 300mg dispersible tablets (Mawdsley-Brooks & Company Ltd),Aspirin,300mg,Dispersible tablet,Oral,02090000/04070100,Antiplatelet Products/Non-Opioid And Compound Analgesics,October 2021,1
74786,307211000001105,02355020,2624,Aspirin 75mg gastro-resistant tablets (Alliance Healthcare (Distribution) Ltd),Aspirin,75mg,Gastro-resistant tablet,Oral,02090000,Antiplatelet Products,February 2019,1
6007,183311000001101,84144020,50655,Nu-Seals 300 gastro-resistant tablets (Alliance Pharmaceuticals Ltd),Aspirin,300mg,Gastro-resistant tablet,Oral,02090000/04070100,Antiplatelet Products/Non-Opioid And Compound Analgesics,February 2009,1
54565,12430611000001108,02343020,2,Aspirin 75mg dispersible tablets (Lloyds Pharmacy Ltd),Aspirin,75mg,Dispersible tablet,Oral,02090000,Antiplatelet Products,April 2013,1
36521,198865001000027100,75811020,11,Aspirin 500mg modified-release tablets,Aspirin,500mg,Modified Release Tablet,Oral,02090000/04070100,Antiplatelet Products/Non-Opioid And Compound Analgesics,February 2009,1
34666,65265001000027104,56222020,325,Aspirin ec 300mg Gastro-resistant tablet (A A H Pharmaceuticals Ltd),Aspirin,300mg,Gastro-resistant tablet,Oral,02090000/04070100,Antiplatelet Products/Non-Opioid And Compound Analgesics,February 2009,1
43060,6085001000027107,48762020,236,Aspirin 300mg Soluble tablet (Celltech Pharma Europe Ltd),Aspirin,300mg,Dispersible tablet,Oral,02090000/04070100,Antiplatelet Products/Non-Opioid And Compound Analgesics,August 2010,1
57585,5614311000001104,02364020,123,Asasantin Retard capsules (Dowelhurst Ltd),Aspirin/Dipyridamole,25mg + 200mg,Modified-release capsule,Oral,02090000,Antiplatelet Products,October 2013,1
25335,38411000001101,79131020,15566,PostMI 75 EC tablets (Ashbourne Pharmaceuticals Ltd),Aspirin,75mg,Gastro-resistant tablet,Oral,02090000/04070100,Antiplatelet Products/Non-Opioid And Compound Analgesics,February 2009,1
56996,21776611000001100,47188020,6,Aspirin 75mg dispersible tablets (Waymade Healthcare Plc),Aspirin,75mg,Dispersible tablet,Oral,02090000,Antiplatelet Products,September 2013,1
9301,39645001000027104,52996020,6427,Aspirin 100mg modified-release tablets,Aspirin,100mg,Modified Release Tablet,Oral,02090000,Antiplatelet Products,February 2009,1
33662,65785001000027104,56283020,3,Aspirin 300mg Dispersible tablet (A A H Pharmaceuticals Ltd),Aspirin,300mg,Dispersible tablet,Oral,02090000/04070100,Antiplatelet Products/Non-Opioid And Compound Analgesics,February 2009,1
29848,167865001000027100,70467020,4,Aspirin 300mg with Glycine 150mg chewable tablets,Aspirin,300mg + 150mg,Chewable Tablet,Oral,02090000/04070100,Antiplatelet Products/Non-Opioid And Compound Analgesics,February 2009,1
6006,414311000001102,84142020,79417,Nu-Seals 75 gastro-resistant tablets (Alliance Pharmaceuticals Ltd),Aspirin,75mg,Gastro-resistant tablet,Oral,02090000,Antiplatelet Products,February 2009,1
3832,452911000001101,84256020,321526,Persantin Retard 200mg capsules (Boehringer Ingelheim Ltd),Dipyridamole,200mg,Modified-release capsule,Oral,02090000,Antiplatelet Products,February 2009,1
40381,23925001000027100,51008020,97,Aspirin 75mg Soluble tablet (C P Pharmaceuticals Ltd),Aspirin,75mg,Dispersible tablet,Oral,02090000,Antiplatelet Products,September 2009,1
41766,4648711000001109,95905020,11,Maximum Strength Aspro Clear 500mg effervescent tablets (Bayer Plc),Aspirin,500mg,Effervescent tablet,Oral,02090000/04070100,Antiplatelet Products/Non-Opioid And Compound Analgesics,March 2010,1
22232,4906811000001106,75436020,64,Disprin Direct 300mg orodispersible tablets (Reckitt Benckiser Healthcare (UK) Ltd),Aspirin,300mg,Orodispersible tablet,Oral,02090000/04070100,Antiplatelet Products/Non-Opioid And Compound Analgesics,February 2009,1
31870,50725001000027104,54361020,18,Aspirin 320mg tablets,Aspirin,320mg,Tablets,Oral,02090000/04070100,Antiplatelet Products/Non-Opioid And Compound Analgesics,February 2009,1
38998,13663511000001100,94936020,17,Plavix 300mg tablets (Sanofi),Clopidogrel hydrogen sulfate,300mg,Tablet,Oral,02090000,Antiplatelet Products,February 2009,1
58331,13435711000001102,75319020,1147,Aspirin 300mg gastro-resistant tablets (Viatris UK Healthcare Ltd),Aspirin,300mg,Gastro-resistant tablet,Oral,02090000/04070100,Antiplatelet Products/Non-Opioid And Compound Analgesics,December 2013,1
70841,38935001000027104,52904020,24,Aspirin 300mg Dispersible tablet (Family Health),Aspirin,300mg,Dispersible tablet,Oral,02090000/04070100,Antiplatelet Products/Non-Opioid And Compound Analgesics,December 2017,1
63603,16185001000027100,50070020,99,Laboprin Tablet (Laboratories For Applied Biology Ltd),Aspirin,300mg,Tablet,Oral,02090000/04070100,Antiplatelet Products/Non-Opioid And Compound Analgesics,July 2015,1
77477,5400911000001107,02366020,175,Plavix 75mg tablets (Waymade Healthcare Plc),Clopidogrel,75mg,Tablet,Oral,02090000,Antiplatelet Products,August 2019,1
66171,92875001000027100,59825020,5,Aspirin 150mg Suppository (Distriphar (UK)),Aspirin,150mg,Suppository,Rectal,04070100,Non-Opioid And Compound Analgesics,May 2016,1
395,36475001000027104,52557020,3817,Aspirin mixture,Aspirin,,Mixture,Oromucosal,04070100,Non-Opioid And Compound Analgesics,February 2009,1
75212,25645001000027104,51211020,2,Dipyridamole 100mg Tablet (Berk Pharmaceuticals Ltd),Dipyridamole,100mg,Tablet,Oral,02090000,Antiplatelet Products,March 2019,1
23878,222545001000027100,83262020,1227,Nu-seals cardio ec 75mg Gastro-resistant tablet (Genus Pharmaceuticals Ltd),Aspirin,75mg,Gastro-resistant tablet,Oral,02090000,Antiplatelet Products,February 2009,1
21921,198365001000027100,75686020,314,Postmi ec 300mg Gastro-resistant tablet (Ashbourne Pharmaceuticals Ltd),Aspirin,300mg,Gastro-resistant tablet,Oral,02090000/04070100,Antiplatelet Products/Non-Opioid And Compound Analgesics,February 2009,1
25284,116705001000027100,63356020,136,Cerebrovase 25mg Tablet (Ashbourne Pharmaceuticals Ltd),Dipyridamole,25mg,Tablet,Oral,02090000,Antiplatelet Products,February 2009,1
17704,158455001000027100,69134020,4714,Platet 100mg Effervescent tablet (Roche Products Ltd),Aspirin,100mg,Effervescent Tablet,Oral,02090000,Antiplatelet Products,February 2009,1
10305,156025001000027100,68710020,356,Aspirin 162.5mg capsules,Aspirin,162.5mg,Capsules,Oral,02090000/04070100,Antiplatelet Products/Non-Opioid And Compound Analgesics,February 2009,1
434,322225002,70336020,1224352,Aspirin 300mg gastro-resistant tablets,Aspirin,300mg,Gastro-resistant tablet,Oral,02090000/04070100,Antiplatelet Products/Non-Opioid And Compound Analgesics,February 2009,1
31956,50611000001102,62304020,96,Aspirin 75mg gastro-resistant tablets (Kent Pharma (UK) Ltd),Aspirin,75mg,Gastro-resistant tablet,Oral,02090000,Antiplatelet Products,February 2009,1
59791,698811000001100,68788020,4,Aspirin 75mg dispersible tablets (Aspar Pharmaceuticals Ltd),Aspirin,75mg,Dispersible tablet,Oral,02090000,Antiplatelet Products,May 2014,1
15364,322233001,75038020,2398,Aspirin 150mg suppositories,Aspirin,150mg,Suppository,Rectal,02090000/04070100,Antiplatelet Products/Non-Opioid And Compound Analgesics,February 2009,1
58448,18045011000001104,02381020,6,Clopidogrel 75mg tablets (Aspire Pharma Ltd),Clopidogrel,75mg,Tablet,Oral,02090000,Antiplatelet Products,December 2013,1
57057,19429611000001108,02350020,1,Aspirin 75mg dispersible tablets (Wockhardt UK Ltd),Aspirin,75mg,Dispersible tablet,Oral,02090000,Antiplatelet Products,September 2013,1
23488,5625001000027109,48698020,4,Claradin 300mg Tablet (Nicholas Laboratories Ltd),Aspirin,300mg,Tablet,Oral,02090000/04070100,Antiplatelet Products/Non-Opioid And Compound Analgesics,February 2009,1
34796,87955001000027100,59128020,12,Aspirin 75mg Gastro-resistant tablet (Galen Ltd),Aspirin,75mg,Gastro-resistant tablet,Oral,02090000,Antiplatelet Products,February 2009,1
55161,18548711000001104,77882020,2,Clopidogrel 75mg tablets (Wockhardt UK Ltd),Clopidogrel,75mg,Tablet,Oral,02090000,Antiplatelet Products,May 2013,1
36543,160185001000027100,69425020,389,Aspirin 100mg effervescent tablets,Aspirin,100mg,Tablets,Oral,02090000,Antiplatelet Products,February 2009,1
489,39689111000001104,83784020,12312017,Clopidogrel 75mg tablets,Clopidogrel,75mg,Tablet,Oral,02090000,Antiplatelet Products,February 2009,1
68710,32447511000001104,67745021,16,Brilique 60mg tablets (AstraZeneca UK Ltd),Ticagrelor,60mg,Tablet,Oral,02090000,Antiplatelet Products,January 2017,1
40591,15241111000001104,96710020,99,Efient 5mg tablets (Vygoris Ltd),Prasugrel,5mg,Tablet,Oral,02090000,Antiplatelet Products,October 2009,1
34434,852711000001109,57295020,200,Aspirin 75mg dispersible tablets (Thornton & Ross Ltd),Aspirin,75mg,Dispersible tablet,Oral,02090000,Antiplatelet Products,February 2009,1
79364,12215001000027104,49574020,8,Dipyridamole 25mg Tablet (Approved Prescription Services Ltd),Dipyridamole,25mg,Tablet,Oral,02090000,Antiplatelet Products,December 2019,1
82633,16072911000001108,92605020,31,Clopidogrel 25mg/5ml oral suspension,Clopidogrel hydrogen sulfate,5mg/1ml,Oral suspension,Oral,02090000,Antiplatelet Products,January 2021,1
77428,5601011000001102,02336020,595,Persantin Retard 200mg capsules (Dowelhurst Ltd),Dipyridamole,200mg,Modified-release capsule,Oral,02090000,Antiplatelet Products,August 2019,1
8186,4558011000001103,70462020,1156,Aspirin 300mg modified-release tablets,Aspirin,300mg,Modified-release tablet,Oral,02090000/04070100,Antiplatelet Products/Non-Opioid And Compound Analgesics,February 2009,1
52761,18474811000001104,02384020,173,Clopidogrel 75mg tablets (Dr Reddy's Laboratories (UK) Ltd),Clopidogrel,75mg,Tablet,Oral,02090000,Antiplatelet Products,January 2013,1
54284,9789111000001100,69594020,33,Aspirin 75mg dispersible tablets (Almus Pharmaceuticals Ltd),Aspirin,75mg,Dispersible tablet,Oral,02090000,Antiplatelet Products,March 2013,1
254,329525004,54359020,619268,Aspirin 300mg tablets,Aspirin,300mg,Tablet,Oral,02090000/04070100,Antiplatelet Products/Non-Opioid And Compound Analgesics,February 2009,1
59904,22402511000001104,16245021,1097,Clopidogrel 75mg/5ml oral solution,Clopidogrel hydrogen sulfate,15mg/1ml,Oral solution,Oral,02090000,Antiplatelet Products,May 2014,1
39932,39702811000001104,96708020,79010,Prasugrel 10mg tablets,Prasugrel,10mg,Tablet,Oral,02090000,Antiplatelet Products,August 2009,1
25232,169255001000027100,70665020,238,Vasyrol cold sore 100mg Tablet (Shire Pharmaceuticals Ltd),Dipyridamole,100mg,Tablet,Oral,02090000,Antiplatelet Products,February 2009,1
25718,800511000001106,72645020,1349,Angettes 75 tablets (Bristol-Myers Squibb Pharmaceuticals Ltd),Aspirin,75mg,Tablet,Oral,02090000/04070100,Antiplatelet Products/Non-Opioid And Compound Analgesics,February 2009,1
31938,476711000001102,57868020,4967,Aspirin 75mg gastro-resistant tablets (Sandoz Ltd),Aspirin,75mg,Gastro-resistant tablet,Oral,02090000,Antiplatelet Products,February 2009,1
48974,18082911000001104,02354020,2033,Aspirin 75mg tablets (Phoenix Healthcare Distribution Ltd),Aspirin,75mg,Tablet,Oral,02090000,Antiplatelet Products,January 2013,1
32036,916711000001109,48769020,50260,Aspirin 75mg dispersible tablets (Accord-UK Ltd),Aspirin,75mg,Dispersible tablet,Oral,02090000,Antiplatelet Products,February 2009,1
34386,607311000001106,48771020,1186,Aspirin 300mg tablets (Accord-UK Ltd),Aspirin,300mg,Tablet,Oral,02090000/04070100,Antiplatelet Products/Non-Opioid And Compound Analgesics,February 2009,1
56503,18876011000001100,02365020,208,Asasantin Retard capsules (Mawdsley-Brooks & Company Ltd),Aspirin/Dipyridamole,25mg + 200mg,Modified-release capsule,Oral,02090000,Antiplatelet Products,August 2013,1
80481,93165001000027100,59864020,40,Aspirin 75mg Dispersible tablet (Numark Management Ltd),Aspirin,75mg,Dispersible tablet,Oral,02090000,Antiplatelet Products,April 2020,1
79812,35841711000001100,82274021,3,Aspirin 75mg tablets (Kent Pharma (UK) Ltd),Aspirin,75mg,Tablet,Oral,02090000,Antiplatelet Products,February 2020,1
40114,39702911000001104,96706020,7882,Prasugrel 5mg tablets,Prasugrel,5mg,Tablet,Oral,02090000,Antiplatelet Products,August 2009,1
52044,17958611000001108,08034020,2,Aspirin 300mg caplets (The Boots Company Plc),Aspirin,300mg,Tablet,Oral,02090000/04070100,Antiplatelet Products/Non-Opioid And Compound Analgesics,January 2013,1
34762,87985001000027100,59131020,71,Aspirin 300mg Gastro-resistant tablet (Galen Ltd),Aspirin,300mg,Gastro-resistant tablet,Oral,02090000/04070100,Antiplatelet Products/Non-Opioid And Compound Analgesics,February 2009,1
18329,473711000001109,84994020,303,Enprin 75mg gastro-resistant tablets (Galpharm International Ltd),Aspirin,75mg,Gastro-resistant tablet,Oral,02090000/04070100,Antiplatelet Products/Non-Opioid And Compound Analgesics,February 2009,1
68764,23241511000001104,17408021,112,Molita 200mg/25mg modified-release capsules (Dr Reddy's Laboratories (UK) Ltd),Aspirin/Dipyridamole,25mg + 200mg,Modified-release capsule,Oral,02090000,Antiplatelet Products,February 2017,1
64837,26779011000001104,29679021,4,Ofcram PR 200mg capsules (Advanz Pharma),Dipyridamole,200mg,Modified-release capsule,Oral,02090000,Antiplatelet Products,December 2015,1
45840,64205001000027104,56069020,14,Aspirin 300mg Dispersible tablet (Numark Management Ltd),Aspirin,300mg,Dispersible tablet,Oral,02090000/04070100,Antiplatelet Products/Non-Opioid And Compound Analgesics,August 2011,1
836,454611000001104,83768020,156607,Plavix 75mg tablets (Sanofi),Clopidogrel,75mg,Tablet,Oral,02090000,Antiplatelet Products,February 2009,1
6696,281311000001104,77773020,4904,Micropirin 75mg gastro-resistant tablets (Dexcel-Pharma Ltd),Aspirin,75mg,Gastro-resistant tablet,Oral,02090000/04070100,Antiplatelet Products/Non-Opioid And Compound Analgesics,February 2009,1
50949,17879711000001102,02353020,4106,Aspirin 75mg tablets (A A H Pharmaceuticals Ltd),Aspirin,75mg,Tablet,Oral,02090000,Antiplatelet Products,January 2013,1
5882,36070011000001104,84976020,23481,Dipyridamole 50mg/5ml oral suspension sugar free,Dipyridamole,10mg/1ml,Oral suspension,Oral,02090000,Antiplatelet Products,February 2009,1
60694,12012511000001108,30279020,1,Aspirin 25mg/5ml oral solution,Aspirin,5mg/1ml,Oral solution,Oral,02090000/04070100/04070401/10010100,Antiplatelet Products/Non-Opioid And Compound Analgesics/Acute Migraine/Non-Steroidal Anti-Inflammatory Drugs,August 2014,1
32992,795611000001102,62496020,103,Aspirin 75mg gastro-resistant tablets (Viatris UK Healthcare Ltd),Aspirin,75mg,Gastro-resistant tablet,Oral,02090000,Antiplatelet Products,February 2009,1
24025,901211000001107,70471020,1817,Caprin 300mg gastro-resistant tablets (Pinewood Healthcare),Aspirin,300mg,Gastro-resistant tablet,Oral,02090000/04070100,Antiplatelet Products/Non-Opioid And Compound Analgesics,February 2009,1
41512,295211000001106,59216020,5442,Aspirin 75mg gastro-resistant tablets (Teva UK Ltd),Aspirin,75mg,Gastro-resistant tablet,Oral,02090000,Antiplatelet Products,March 2010,1
34,319781007,52995020,11729827,Aspirin 75mg gastro-resistant tablets,Aspirin,75mg,Gastro-resistant tablet,Oral,02090000,Antiplatelet Products,February 2009,1
46976,477911000001102,65447020,1,Dipyridamole 100mg tablets (Kent Pharma (UK) Ltd),Dipyridamole,100mg,Tablet,Oral,02090000,Antiplatelet Products,March 2012,1
53178,16431611000001104,76832020,361,Aspirin 75mg gastro-resistant tablets (Wockhardt UK Ltd),Aspirin,75mg,Gastro-resistant tablet,Oral,02090000,Antiplatelet Products,January 2013,1
83747,36870711000001104,86474021,58,Clopidogrel 75mg tablets (Torrent Pharma (UK) Ltd),Clopidogrel,75mg,Tablet,Oral,02090000,Antiplatelet Products,April 2021,1
22138,167825001000027100,70461020,121,Aspirin 324mg modified-release tablets,Aspirin,324mg,Modified Release Tablet,Oral,02090000,Antiplatelet Products,February 2009,1
64222,8455811000001106,19755020,138,Dipyridamole 50mg/5ml oral solution,Dipyridamole,10mg/1ml,Oral solution,Oral,02090000,Antiplatelet Products,September 2015,1
77617,8816311000001106,21001020,1,Clopidogrel 75mg oral powder sachets,Clopidogrel hydrogen sulfate,75mg,Powder,Oral,02090000,Antiplatelet Products,August 2019,1
56883,21777311000001108,47189020,21,Aspirin 75mg tablets (Waymade Healthcare Plc),Aspirin,75mg,Tablet,Oral,02090000,Antiplatelet Products,August 2013,1
75591,93515001000027100,59905020,1,Aspirin 300mg Tablet (Galpharm International Ltd),Aspirin,300mg,Tablet,Oral,02090000/04070100,Antiplatelet Products/Non-Opioid And Compound Analgesics,April 2019,1
40144,23885001000027104,51004020,2,Aspirin 300mg Dispersible tablet (Thornton & Ross Ltd),Aspirin,300mg,Dispersible tablet,Oral,02090000/04070100,Antiplatelet Products/Non-Opioid And Compound Analgesics,August 2009,1
45851,59045001000027104,55399020,19,Aspirin 300mg Soluble tablet (Ranbaxy (UK) Ltd),Aspirin,300mg,Dispersible tablet,Oral,02090000/04070100,Antiplatelet Products/Non-Opioid And Compound Analgesics,August 2011,1
30975,194965001000027100,74843020,1,Modaplate 25mg Tablet (Berk Pharmaceuticals Ltd),Dipyridamole,25mg,Tablet,Oral,02090000,Antiplatelet Products,February 2009,1
52618,15985111000001104,02347020,13,Aspirin 75mg dispersible tablets (Bristol Laboratories Ltd),Aspirin,75mg,Dispersible tablet,Oral,02090000,Antiplatelet Products,January 2013,1
33293,370411000001104,62271020,1,Aspirin 75mg gastro-resistant tablets (Sterwin Medicines),Aspirin,75mg,Gastro-resistant tablet,Oral,02090000,Antiplatelet Products,February 2009,1
62855,15927711000001100,02375020,3,Clopidogrel 75mg tablets (Alliance Healthcare (Distribution) Ltd),Clopidogrel,75mg,Tablet,Oral,02090000,Antiplatelet Products,April 2015,1
2628,22135001000027108,50797020,116579,Nu-seals aspirin ec 75mg Gastro-resistant tablet (Eli Lilly and Company Ltd),Aspirin,75mg,Gastro-resistant tablet,Oral,02090000,Antiplatelet Products,February 2009,1
63450,21643011000001108,46327020,1,Clopidogrel 75mg tablets (Almus Pharmaceuticals Ltd),Clopidogrel,75mg,Tablet,Oral,02090000,Antiplatelet Products,June 2015,1
62978,24108111000001100,23054021,6,Clopidogrel 75mg tablets (Sandoz Ltd),Clopidogrel,75mg,Tablet,Oral,02090000,Antiplatelet Products,April 2015,1
38349,429540001,94934020,1078,Clopidogrel 300mg tablets,Clopidogrel hydrogen sulfate,300mg,Tablet,Oral,02090000,Antiplatelet Products,February 2009,1
56807,15926111000001104,76752020,61,Clopidogrel 75mg tablets (Teva UK Ltd),Clopidogrel,75mg,Tablet,Oral,02090000,Antiplatelet Products,August 2013,1
66840,31948811000001108,62201021,42,Dipyridamole 200mg/5ml oral suspension sugar free,Dipyridamole,40mg/1ml,Oral suspension,Oral,02090000,Antiplatelet Products,July 2016,1
76589,17217211000001100,02377020,58,Clopidogrel 75mg tablets (Krka UK Ltd),Clopidogrel,75mg,Tablet,Oral,02090000,Antiplatelet Products,June 2019,1
43679,257005001000027100,96736020,1,Flamasacard 162.5mg Modified-release capsule (Abbey Pharmaceuticals Ltd),Aspirin,162.5mg,Modified-Release Capsule,Oral,02090000,Antiplatelet Products,October 2010,1
60693,12012211000001104,30275020,3,Aspirin 15mg/5ml oral solution,Aspirin,3mg/1ml,Oral solution,Oral,02090000/04070100/04070401/10010100,Antiplatelet Products/Non-Opioid And Compound Analgesics/Acute Migraine/Non-Steroidal Anti-Inflammatory Drugs,August 2014,1
79306,36903411000001110,86771021,47,Clopidogrel 5mg/5ml oral solution,Clopidogrel hydrogen sulfate,1mg/1ml,Oral solution,Oral,02090000,Antiplatelet Products,December 2019,1
49060,595211000001103,02342020,11,Aspirin 75mg dispersible tablets (Alliance Healthcare (Distribution) Ltd),Aspirin,75mg,Dispersible tablet,Oral,02090000,Antiplatelet Products,January 2013,1
34942,139105001000027100,66393020,18,Aspirin 75mg Dispersible tablet (Nucare Plc),Aspirin,75mg,Dispersible tablet,Oral,02090000,Antiplatelet Products,February 2009,1
65027,28365611000001108,44190021,1,Bisoprolol 5mg / Aspirin 100mg capsules,Bisoprolol fumarate/Aspirin,5mg + 100mg,Capsule,Oral,02040000/02090000,Beta-Adrenoceptor Blockers/Antiplatelet Products,December 2015,1
45576,704465002,99283020,228342,Ticagrelor 90mg tablets,Ticagrelor,90mg,Tablet,Oral,02090000,Antiplatelet Products,June 2011,1
66784,24435511000001108,23691021,660,Attia 200mg modified-release capsules (Dr Reddy's Laboratories (UK) Ltd),Dipyridamole,200mg,Modified-release capsule,Oral,02090000,Antiplatelet Products,July 2016,1
31953,163411000001106,58872020,21828,Aspirin 75mg dispersible tablets (IVAX Pharmaceuticals UK Ltd),Aspirin,75mg,Dispersible tablet,Oral,02090000,Antiplatelet Products,February 2009,1
77079,21931011000001108,47186020,2,Dipyridamole 25mg tablets (Waymade Healthcare Plc),Dipyridamole,25mg,Tablet,Oral,02090000,Antiplatelet Products,July 2019,1
46891,8426611000001103,00396021,1773,Clopidogrel 75mg/5ml oral suspension,Clopidogrel hydrogen sulfate,15mg/1ml,Oral suspension,Oral,02090000,Antiplatelet Products,March 2012,1
28810,167855001000027100,70466020,28,Aspirin 300mg with Glycine 133mg soluble tablets,Aspirin,300mg + 133mg,Dissolving Tablets,Oral,02090000/04070100,Antiplatelet Products/Non-Opioid And Compound Analgesics,February 2009,1
33656,765111000001108,48774020,3001,Aspirin 75mg dispersible tablets (A A H Pharmaceuticals Ltd),Aspirin,75mg,Dispersible tablet,Oral,02090000,Antiplatelet Products,February 2009,1
44639,139135001000027100,66396020,1,Aspirin 300mg Dispersible tablet (Nucare Plc),Aspirin,300mg,Dispersible tablet,Oral,02090000/04070100,Antiplatelet Products/Non-Opioid And Compound Analgesics,February 2011,1
16,319775004,72648020,9990861,Aspirin 75mg tablets,Aspirin,75mg,Tablet,Oral,02090000,Antiplatelet Products,February 2009,1
77433,21778211000001104,47318020,770,Aspirin 300mg gastro-resistant tablets (Waymade Healthcare Plc),Aspirin,300mg,Gastro-resistant tablet,Oral,02090000/04070100,Antiplatelet Products/Non-Opioid And Compound Analgesics,August 2019,1
66345,22610611000001104,16677021,94,Aspirin 75mg dispersible tablets (DE Pharmaceuticals),Aspirin,75mg,Dispersible tablet,Oral,02090000,Antiplatelet Products,June 2016,1
31210,47655001000027104,54011020,56,Aspirin 300mg Tablet (Co-operative),Aspirin,300mg,Tablet,Oral,02090000/04070100,Antiplatelet Products/Non-Opioid And Compound Analgesics,February 2009,1
17920,191495001000027100,74302020,7961,Disprin cv 100mg Modified-release tablet (Reckitt Benckiser Healthcare (UK) Ltd),Aspirin,100mg,Modified-Release Tablet,Oral,02090000,Antiplatelet Products,February 2009,1
2607,167915001000027100,70474020,4,Paynocil Tablet (Beecham Research Laboratories),Aspirin,,Tablet,Oral,02090000/04070100,Antiplatelet Products/Non-Opioid And Compound Analgesics,February 2009,1
65909,23953911000001104,21742021,22,Clopidogrel 75mg tablets (Milpharm Ltd),Clopidogrel,75mg,Tablet,Oral,02090000,Antiplatelet Products,April 2016,1
33320,140245001000027100,66537020,3,Aspirin 75mg Dispersible tablet (Sovereign Medical Ltd),Aspirin,75mg,Dispersible tablet,Oral,02090000,Antiplatelet Products,February 2009,1
11977,217045001000027100,81582020,100,Aspro clear maximum strength tablets,Aspirin,500mg,Effervescent tablet,Oral,02090000/04070100,Antiplatelet Products/Non-Opioid And Compound Analgesics,February 2009,1
2106,623011000001106,51078020,245424,Persantin 100mg tablets (Boehringer Ingelheim Ltd),Dipyridamole,100mg,Tablet,Oral,02090000,Antiplatelet Products,February 2009,1
20840,59235001000027104,55429020,10,Acetylsalicylic acid mix,Aspirin,,Mixture,Oromucosal,04070100,Non-Opioid And Compound Analgesics,February 2009,1
47992,138011000001102,59946020,285,Aspirin 75mg gastro-resistant tablets (A A H Pharmaceuticals Ltd),Aspirin,75mg,Gastro-resistant tablet,Oral,02090000,Antiplatelet Products,November 2012,1
10031,231615001000027100,85731020,4624,Aspirin 25mg with Dipyridamole 200mg modified-release capsules,Dipyridamole/Aspirin,25mg + 200mg,Modified Release Capsules,Oral,02090000,Antiplatelet Products,February 2009,1
34797,281711000001100,59503020,892,Aspirin 75mg gastro-resistant tablets (Actavis UK Ltd),Aspirin,75mg,Gastro-resistant tablet,Oral,02090000,Antiplatelet Products,February 2009,1
67124,28365411000001108,44188021,1,Bisoprolol 10mg / Aspirin 75mg capsules,Bisoprolol fumarate/Aspirin,10mg + 75mg,Capsule,Oral,02040000/02090000,Beta-Adrenoceptor Blockers/Antiplatelet Products,August 2016,1
50926,594611000001102,02341020,2,Aspirin 75mg dispersible tablets (The Boots Company Plc),Aspirin,75mg,Dispersible tablet,Oral,02090000,Antiplatelet Products,January 2013,1
67754,9789911000001102,69591020,1,Aspirin 300mg dispersible tablets (Almus Pharmaceuticals Ltd),Aspirin,300mg,Dispersible tablet,Oral,02090000/04070100,Antiplatelet Products/Non-Opioid And Compound Analgesics,October 2016,1
34611,799411000001102,51009020,269,Aspirin 75mg gastro-resistant tablets (C P Pharmaceuticals Ltd),Aspirin,75mg,Gastro-resistant tablet,Oral,02090000,Antiplatelet Products,February 2009,1
71821,64195001000027104,56068020,23,Aspirin 300mg Tablet (Numark Management Ltd),Aspirin,300mg,Tablet,Oral,02090000/04070100,Antiplatelet Products/Non-Opioid And Compound Analgesics,April 2018,1
73466,12225001000027108,49575020,90,Dipyridamole 100mg Tablet (Approved Prescription Services Ltd),Dipyridamole,100mg,Tablet,Oral,02090000,Antiplatelet Products,October 2018,1
771,319758005,62694020,81111,Dipyridamole 25mg tablets,Dipyridamole,25mg,Tablet,Oral,02090000,Antiplatelet Products,February 2009,1
31211,65775001000027110,56282020,29,Aspirin 75mg Dispersible tablet (A A H Pharmaceuticals Ltd),Aspirin,75mg,Dispersible tablet,Oral,02090000,Antiplatelet Products,February 2009,1
59470,23610211000001108,20734021,145,Persantin Retard 200mg capsules (Consilient Health Ltd),Dipyridamole,200mg,Modified-release capsule,Oral,02090000,Antiplatelet Products,April 2014,1
657,4897611000001102,86989020,3262,Aspirin 500mg granules sachets sugar free,Aspirin,500mg,Granules,Oral,02090000/04070100,Antiplatelet Products/Non-Opioid And Compound Analgesics,February 2009,1
71663,34175711000001104,75110021,5,Aspirin 75mg tablets (Accord-UK Ltd),Aspirin,75mg,Tablet,Oral,02090000,Antiplatelet Products,February 2018,1
31192,169245001000027100,70664020,116,Vasyrol cold sore 25mg Tablet (Shire Pharmaceuticals Ltd),Dipyridamole,25mg,Tablet,Oral,02090000,Antiplatelet Products,February 2009,1
3,319773006,52994020,55550624,Aspirin 75mg dispersible tablets,Aspirin,75mg,Dispersible tablet,Oral,02090000,Antiplatelet Products,February 2009,1
41594,45275001000027104,53703020,271,Aspirin 300mg Dispersible tablet (Teva UK Ltd),Aspirin,300mg,Dispersible tablet,Oral,02090000/04070100,Antiplatelet Products/Non-Opioid And Compound Analgesics,March 2010,1
23932,4649111000001101,81581020,122,Aspro Clear 300mg effervescent tablets (Bayer Plc),Aspirin,300mg,Effervescent tablet,Oral,02090000/04070100,Antiplatelet Products/Non-Opioid And Compound Analgesics,February 2009,1
7516,4660611000001105,68709020,3817,Aspirin 300mg effervescent tablets sugar free,Aspirin,300mg,Effervescent tablet,Oral,02090000/04070100,Antiplatelet Products/Non-Opioid And Compound Analgesics,February 2009,1
53816,894511000001100,08036020,237,Aspirin 300mg dispersible tablets (Alliance Healthcare (Distribution) Ltd),Aspirin,300mg,Dispersible tablet,Oral,02090000/04070100,Antiplatelet Products/Non-Opioid And Compound Analgesics,February 2013,1
43530,787811000001109,56938020,347,Dipyridamole 100mg tablets (Accord-UK Ltd),Dipyridamole,100mg,Tablet,Oral,02090000,Antiplatelet Products,September 2010,1
73994,844511000001107,02356020,400,Aspirin 75mg gastro-resistant tablets (Greenfield Pharmaceuticals Ltd),Aspirin,75mg,Gastro-resistant tablet,Oral,02090000,Antiplatelet Products,December 2018,1
62334,27167811000001104,29731021,2,Aspirin 300mg caplets (Wockhardt UK Ltd),Aspirin,300mg,Tablet,Oral,02090000/04070100,Antiplatelet Products/Non-Opioid And Compound Analgesics,February 2015,1
45643,6095001000027106,48763020,113,Aspirin 75mg Soluble tablet (Celltech Pharma Europe Ltd),Aspirin,75mg,Dispersible tablet,Oral,02090000,Antiplatelet Products,July 2011,1
689,635611000001102,51077020,51934,Persantin 25mg tablets (Boehringer Ingelheim Ltd),Dipyridamole,25mg,Tablet,Oral,02090000,Antiplatelet Products,February 2009,1
42750,15981011000001100,77086020,27,Clopidogrel 75mg tablets (Actavis UK Ltd),Clopidogrel,75mg,Tablet,Oral,02090000,Antiplatelet Products,June 2010,1
23593,636011000001100,79130020,20110,PostMI 75 dispersible tablets (Ashbourne Pharmaceuticals Ltd),Aspirin,75mg,Dispersible tablet,Oral,02090000/04070100,Antiplatelet Products/Non-Opioid And Compound Analgesics,February 2009,1
