prodcode,dmdcode,gemscriptcode,therapyevents,productname,ingredient,strength,formulation,routeofadministration,bnfchapter,bnftext,databasebuild,steroid_code,steroid_code2,aap_code,lld_code,lld_code2
82514,16564411000001104,10716020,57,Niaspan 1g modified-release tablets (Mawdsley-Brooks & Company Ltd),Nicotinic acid,1gram,Modified-release tablet,Oral,02120500,Nicotinic Acid Group,January 2021,0,0,0,1,0
3089,320018007,57107020,254847,Ciprofibrate 100mg tablets,Ciprofibrate,100mg,Tablet,Oral,02120300,Fibrates,February 2009,0,0,0,1,0
24084,3266211000001109,64593020,27,Colestyramine 4g oral powder sachets sugar free (PLIVA Pharma Ltd),Colestyramine anhydrous,4gram,Powder,Oral,01090200/02120100,Bile Acid Sequestrants/Bile Acid Sequestrants - Lipid-Regulating Products,February 2009,0,0,0,1,0
70673,30919311000001104,60217021,623,Alirocumab 75mg/1ml solution for injection pre-filled disposable devices,Alirocumab,75mg/1ml,Solution for injection,Subcutaneous,02120700,Other Lipid-Regulating Products,November 2017,0,0,0,0,1
6365,4083011000001103,68876020,13256,Colestid 5g granules sachets plain (Pfizer Ltd),Colestipol hydrochloride,5gram,Granules,Oral,02120100,Bile Acid Sequestrants - Lipid-Regulating Products,February 2009,0,0,0,1,0
34201,3260311000001104,63524020,169,Colestyramine 4g oral powder sachets sugar free (Actavis UK Ltd),Colestyramine anhydrous,4gram,Powder,Oral,01090200/02120100,Bile Acid Sequestrants/Bile Acid Sequestrants - Lipid-Regulating Products,February 2009,0,0,0,1,0
4067,3698311000001102,68085020,5941,Olbetam 250mg capsules (Pfizer Ltd),Acipimox,250mg,Capsule,Oral,02120500,Nicotinic Acid Group,February 2009,0,0,0,1,0
81960,4255511000001106,02439020,0,Fenofibrate micronised 200mg capsules (Alliance Healthcare (Distribution) Ltd),Fenofibrate micronised,200mg,Capsule,Oral,02120300,Fibrates,October 2020,0,0,0,1,0
82951,15004411000001104,76231020,1,Fenofibrate micronised 67mg capsules (Accord-UK Ltd),Fenofibrate micronised,67mg,Capsule,Oral,02120300,Fibrates,February 2021,0,0,0,1,0
7551,4994211000001103,87157020,7647,Niaspan 1g modified-release tablets (Abbott Laboratories Ltd),Nicotinic acid,1gram,Modified-release tablet,Oral,02120500,Nicotinic Acid Group,February 2009,0,0,0,1,0
602,39020211000001104,64208020,919363,Bezafibrate 400mg modified-release tablets,Bezafibrate,400mg,Modified-release tablet,Oral,02120300,Fibrates,February 2009,0,0,0,1,0
23153,68411000001107,64747020,251,Liparol 400 XL tablets (Ashbourne Pharmaceuticals Ltd),Bezafibrate,400mg,Modified-release tablet,Oral,02120300,Fibrates,February 2009,0,0,0,1,0
70580,30738011000001104,54195021,1393,Evolocumab 140mg/1ml solution for injection pre-filled disposable devices,Evolocumab,140mg/1ml,Solution for injection,Subcutaneous,02120700,Other Lipid-Regulating Products,October 2017,0,0,0,0,1
2215,383511000001102,58844020,19158,Lopid 300mg capsules (Pfizer Ltd),Gemfibrozil,300mg,Capsule,Oral,02120300,Fibrates,February 2009,0,0,0,1,0
67157,17905511000001104,02449020,0,Fenofibrate micronised 200mg capsules (Phoenix Healthcare Distribution Ltd),Fenofibrate micronised,200mg,Capsule,Oral,02120300,Fibrates,August 2016,0,0,0,1,0
11785,3336411000001107,72766020,52095,Colestyramine 4g oral powder sachets sugar free,Colestyramine anhydrous,4gram,Powder,Oral,01090200/02120100,Bile Acid Sequestrants/Bile Acid Sequestrants - Lipid-Regulating Products,February 2009,0,0,0,1,0
85419,29920711000001108,52699021,0,Ciprofibrate 100mg tablets (Advanz Pharma),Ciprofibrate,100mg,Tablet,Oral,02120300,Fibrates,January 2022,0,0,0,1,0
4928,2952311000001100,86195020,35730,Lipantil Micro 200 capsules (Viatris UK Healthcare Ltd),Fenofibrate micronised,200mg,Capsule,Oral,02120300,Fibrates,February 2009,0,0,0,1,0
80168,16428411000001106,09814020,1,Colestid 1g tablets (Imported (Canada)),Colestipol hydrochloride,1gram,Tablet,Oral,02120100,Bile Acid Sequestrants - Lipid-Regulating Products,March 2020,0,0,0,1,0
60101,11879511000001108,74616020,41,Colestyramine 4g oral powder sachets sugar free (Teva UK Ltd),Colestyramine anhydrous,4gram,Powder,Oral,01090200/02120100,Bile Acid Sequestrants/Bile Acid Sequestrants - Lipid-Regulating Products,June 2014,0,0,0,1,0
82561,10507311000001106,02470020,48,Supralip 160mg tablets (Waymade Healthcare Plc),Fenofibrate micronised,160mg,Tablet,Oral,02120300,Fibrates,January 2021,0,0,0,1,0
31221,51311000001102,61400020,81,Bezafibrate 200mg tablets (Viatris UK Healthcare Ltd),Bezafibrate,200mg,Tablet,Oral,02120300,Fibrates,February 2009,0,0,0,1,0
32110,73495001000027100,57384020,39,Colestyramine 4g Sachets (Dominion Pharma),Colestyramine anhydrous,4gram,Powder,Oral,01090200/02120100,Bile Acid Sequestrants/Bile Acid Sequestrants - Lipid-Regulating Products,February 2009,0,0,0,1,0
57489,16034411000001108,76919020,0,Ciprofibrate 100mg tablets (Zentiva Pharma UK Ltd),Ciprofibrate,100mg,Tablet,Oral,02120300,Fibrates,October 2013,0,0,0,1,0
85909,13720811000001104,02442020,0,Fenofibrate micronised 200mg capsules (Ranbaxy (UK) Ltd),Fenofibrate micronised,200mg,Capsule,Oral,02120300,Fibrates,April 2022,0,0,0,1,0
41396,9157011000001106,63947020,82,Fenofibrate micronised 200mg capsules (A A H Pharmaceuticals Ltd),Fenofibrate micronised,200mg,Capsule,Oral,02120300,Fibrates,March 2010,0,0,0,1,0
9491,319990006,86190020,62355,Fenofibrate micronised 67mg capsules,Fenofibrate micronised,67mg,Capsule,Oral,02120300,Fibrates,February 2009,0,0,0,1,0
8706,457811000001109,56989020,41438,Modalim 100mg tablets (Sanofi),Ciprofibrate,100mg,Tablet,Oral,02120300,Fibrates,February 2009,0,0,0,1,0
1764,3263311000001105,72763020,58932,Questran Light 4g oral powder sachets (Neon Healthcare Ltd),Colestyramine anhydrous,4gram,Powder,Oral,01090200/02120100,Bile Acid Sequestrants/Bile Acid Sequestrants - Lipid-Regulating Products,February 2009,0,0,0,1,0
47935,204355001000027100,77455020,0,Fenofibrate 200mg Capsule (Teva UK Ltd),Fenofibrate micronised,200mg,Capsule,Oral,02120300,Fibrates,October 2012,0,0,0,1,0
82528,10784611000001108,02458020,49,Lipantil Micro 267 capsules (Waymade Healthcare Plc),Fenofibrate micronised,267mg,Capsule,Oral,02120300,Fibrates,January 2021,0,0,0,1,0
64503,5341511000001107,02405020,822,Bezalip Mono 400mg modified-release tablets (Waymade Healthcare Plc),Bezafibrate,400mg,Modified-release tablet,Oral,02120300,Fibrates,October 2015,0,0,0,1,0
1716,3257311000001105,51328020,77442,Questran 4g oral powder sachets (Neon Healthcare Ltd),Colestyramine anhydrous,4gram,Powder,Oral,01090200/02120100,Bile Acid Sequestrants/Bile Acid Sequestrants - Lipid-Regulating Products,February 2009,0,0,0,1,0
8082,319964008,62909020,44463,Gemfibrozil 600mg tablets,Gemfibrozil,600mg,Tablet,Oral,02120300,Fibrates,February 2009,0,0,0,1,0
1217,168615001000027100,70564020,18935,Lipantil micro 200 200mg Capsule (Fournier Pharmaceuticals Ltd),Fenofibrate micronised,200mg,Capsule,Oral,02120300,Fibrates,February 2009,0,0,0,1,0
17813,61415001000027104,55691020,937,Nicotinic acid 100mg Tablet,Nicotinic Acid,100mg,Tablet,Oral,02120500,Nicotinic Acid Group,February 2009,0,0,0,1,0
66087,16556711000001104,02568020,189,Modalim 100mg tablets (Mawdsley-Brooks & Company Ltd),Ciprofibrate,100mg,Tablet,Oral,02120300,Fibrates,May 2016,0,0,0,1,0
58635,13836411000001108,02410020,0,Bezalip Mono 400mg modified-release tablets (DE Pharmaceuticals),Bezafibrate,400mg,Modified-release tablet,Oral,02120300,Fibrates,January 2014,0,0,0,1,0
66564,23646011000001108,21351021,0,Bezafibrate 400mg modified-release tablets (Phoenix Healthcare Distribution Ltd),Bezafibrate,400mg,Modified-release tablet,Oral,02120300,Fibrates,June 2016,0,0,0,1,0
76985,16036711000001108,36777020,5,Nicotinic acid 50mg capsules,Nicotinic acid,50mg,Capsule,Oral,02120500,Nicotinic Acid Group,July 2019,0,0,0,1,0
79294,37012111000001104,88764021,47,Colestyramine 4g oral powder sachets sugar free (Viatris UK Healthcare Ltd),Colestyramine anhydrous,4gram,Powder,Oral,01090200/02120100,Bile Acid Sequestrants/Bile Acid Sequestrants - Lipid-Regulating Products,December 2019,0,0,0,1,0
70397,30664511000001104,54198021,20,Repatha 140mg/1ml solution for injection pre-filled syringes (Amgen Ltd),Evolocumab,140mg/1ml,Solution for injection,Subcutaneous,02120700,Other Lipid-Regulating Products,October 2017,0,0,0,0,1
7540,2957911000001102,86196020,24357,Lipantil Micro 267 capsules (Viatris UK Healthcare Ltd),Fenofibrate micronised,267mg,Capsule,Oral,02120300,Fibrates,February 2009,0,0,0,1,0
49609,155015001000027100,68507020,22,Bezafibrate 400mg Modified-release tablet (Sandoz Ltd),Bezafibrate,400mg,Modified-release tablet,Oral,02120300,Fibrates,January 2013,0,0,0,1,0
1215,168635001000027100,70567020,6533,Fenofibrate 100mg Capsule,Fenofibrate,100mg,Capsule,Oral,02120300,Fibrates,February 2009,0,0,0,1,0
64984,23916211000001108,21748021,0,Fenofibrate micronised 160mg tablets (Phoenix Healthcare Distribution Ltd),Fenofibrate micronised,160mg,Tablet,Oral,02120300,Fibrates,December 2015,0,0,0,1,0
644,319948000,61299020,132621,Colestyramine 4g oral powder sachets,Colestyramine anhydrous,4gram,Powder,Oral,01090200/02120100,Bile Acid Sequestrants/Bile Acid Sequestrants - Lipid-Regulating Products,February 2009,0,0,0,1,0
76919,23647911000001104,21352021,0,Ciprofibrate 100mg tablets (Phoenix Healthcare Distribution Ltd),Ciprofibrate,100mg,Tablet,Oral,02120300,Fibrates,July 2019,0,0,0,1,0
74825,5384511000001103,02440020,331,Lipantil Micro 200 capsules (Waymade Healthcare Plc),Fenofibrate micronised,200mg,Capsule,Oral,02120300,Fibrates,February 2019,0,0,0,1,0
68386,31566711000001104,61342021,1,Colestyramine 4g oral powder sachets (J M McGill Ltd),Colestyramine anhydrous,4gram,Powder,Oral,01090200/02120100,Bile Acid Sequestrants/Bile Acid Sequestrants - Lipid-Regulating Products,December 2016,0,0,0,1,0
88587,37691211000001104,89969021,0,Ciprofibrate 100mg tablets (CST Pharma Ltd),Ciprofibrate,100mg,Tablet,Oral,02120300,Fibrates,August 2023,0,0,0,1,0
8104,319984007,68083020,12513,Acipimox 250mg capsules,Acipimox,250mg,Capsule,Oral,02120500,Nicotinic Acid Group,February 2009,0,0,0,1,0
73384,23977311000001108,21745021,0,Fenofibrate micronised 200mg capsules (DE Pharmaceuticals),Fenofibrate micronised,200mg,Capsule,Oral,02120300,Fibrates,October 2018,0,0,0,1,0
42801,103175001000027100,61483020,31,Bezafibrate xl 400mg Modified-release tablet (Generics (UK) Ltd),Bezafibrate,400mg,Modified-release tablet,Oral,02120300,Fibrates,July 2010,0,0,0,1,0
52814,3700511000001103,02404020,2,Bezafibrate 400mg modified-release tablets (Alliance Healthcare (Distribution) Ltd),Bezafibrate,400mg,Modified-release tablet,Oral,02120300,Fibrates,January 2013,0,0,0,1,0
29213,888111000001104,83750020,16,Bezagen XL 400mg tablets (Viatris UK Healthcare Ltd),Bezafibrate,400mg,Modified-release tablet,Oral,02120300,Fibrates,February 2009,0,0,0,1,0
76167,13922211000001104,02443020,22,Lipantil Micro 200 capsules (DE Pharmaceuticals),Fenofibrate micronised,200mg,Capsule,Oral,02120300,Fibrates,May 2019,0,0,0,1,0
1212,4090511000001101,68873020,18345,Colestipol 5g granules sachets sugar free,Colestipol hydrochloride,5gram,Granules,Oral,02120100,Bile Acid Sequestrants - Lipid-Regulating Products,February 2009,0,0,0,1,0
6120,4495611000001102,76976020,128802,Ezetrol 10mg tablets (Organon Pharma (UK) Ltd),Ezetimibe,10mg,Tablet,Oral,02120200,Ezetimibe,February 2009,0,0,0,1,0
82406,20505911000001100,41335020,0,Fenofibrate micronised 160mg tablets (Alliance Healthcare (Distribution) Ltd),Fenofibrate micronised,160mg,Tablet,Oral,02120300,Fibrates,January 2021,0,0,0,1,0
18098,236245001000027100,87159020,359,Nicotinic acid 375mg + 500mg + 750mg Modified-release tablet,Nicotinic Acid,375mg + 500mg + 750mg,Modified-Release Tablet,Oral,02120500,Nicotinic Acid Group,February 2009,0,0,0,1,0
19938,158115001000027100,69074020,240,Colestipol with aspartame granules,Colestipol Hydrochloride,,Granules,Oral,02120100,Bile Acid Sequestrants - Lipid-Regulating Products,February 2009,0,0,0,1,0
71016,19713211000001104,38516020,0,Ciprofibrate 100mg tablets (DE Pharmaceuticals),Ciprofibrate,100mg,Tablet,Oral,02120300,Fibrates,December 2017,0,0,0,1,0
29328,527311000001109,61271020,23,Bezafibrate 200mg tablets (A A H Pharmaceuticals Ltd),Bezafibrate,200mg,Tablet,Oral,02120300,Fibrates,February 2009,0,0,0,1,0
72092,21979611000001104,47198020,0,Fenofibrate micronised 160mg tablets (Waymade Healthcare Plc),Fenofibrate micronised,160mg,Tablet,Oral,02120300,Fibrates,May 2018,0,0,0,1,0
82512,16564011000001108,10715020,48,Niaspan 750mg modified-release tablets (Mawdsley-Brooks & Company Ltd),Nicotinic acid,750mg,Modified-release tablet,Oral,02120500,Nicotinic Acid Group,January 2021,0,0,0,1,0
84669,8755001000027109,49100020,2,Nicotinic acid 50mg Tablet (Approved Prescription Services Ltd),Nicotinic acid,50mg,Tablet,Oral,02120500,Nicotinic Acid Group,October 2021,0,0,0,1,0
17614,880511000001105,84417020,505,Zimbacol XL 400mg tablets (Archimedes Pharma UK Ltd),Bezafibrate,400mg,Modified-release tablet,Oral,02120300,Fibrates,February 2009,0,0,0,1,0
11976,4993311000001109,87153020,7221,Niaspan 500mg modified-release tablets (Abbott Laboratories Ltd),Nicotinic acid,500mg,Modified-release tablet,Oral,02120500,Nicotinic Acid Group,February 2009,0,0,0,1,0
78284,30841911000001104,60216021,52,Praluent 150mg/1ml solution for injection pre-filled pens (Sanofi Consumer Healthcare),Alirocumab,150mg/1ml,Solution for injection,Subcutaneous,02120700,Other Lipid-Regulating Products,November 2019,0,0,0,0,1
65572,20411211000001104,41334020,0,Fenofibrate micronised 160mg tablets (Genus Pharmaceuticals Ltd),Fenofibrate micronised,160mg,Tablet,Oral,02120300,Fibrates,February 2016,0,0,0,1,0
61087,17426411000001106,11244020,0,Questran Light 4g oral powder sachets (Mawdsley-Brooks & Company Ltd),Colestyramine anhydrous,4gram,Powder,Oral,01090200/02120100,Bile Acid Sequestrants/Bile Acid Sequestrants - Lipid-Regulating Products,September 2014,0,0,0,1,0
184,319940007,64207020,223234,Bezafibrate 200mg tablets,Bezafibrate,200mg,Tablet,Oral,02120300,Fibrates,February 2009,0,0,0,1,0
73385,2953111000001108,02438020,119,Fenofibrate micronised 200mg capsules (Kent Pharma (UK) Ltd),Fenofibrate micronised,200mg,Capsule,Oral,02120300,Fibrates,October 2018,0,0,0,1,0
82529,17567911000001102,02448020,144,Lipantil Micro 200 capsules (Sigma Pharmaceuticals Plc),Fenofibrate micronised,200mg,Capsule,Oral,02120300,Fibrates,January 2021,0,0,0,1,0
39420,349711000001104,96391020,120941,Bezalip Mono 400mg modified-release tablets (Teva UK Ltd),Bezafibrate,400mg,Modified-release tablet,Oral,02120300,Fibrates,April 2009,0,0,0,1,0
40885,15914911000001100,95585020,1743,Nicotinic acid 1g / Laropiprant 20mg modified-release tablets,Nicotinic acid/Laropiprant,1gram + 20mg,Modified-release tablet,Oral,02120500,Nicotinic Acid Group,December 2009,0,0,0,1,0
5390,319992003,86191020,237504,Fenofibrate micronised 267mg capsules,Fenofibrate micronised,267mg,Capsule,Oral,02120300,Fibrates,February 2009,0,0,0,1,0
6155,215575001000027100,81028020,190,Colestyramine with aspartame 4g sugar free powder,Colestyramine Anhydrous,4g,Powder Sugar-Free,Oral,01090200/02120100,Bile Acid Sequestrants/Bile Acid Sequestrants - Lipid-Regulating Products,February 2009,0,0,0,1,0
4062,389111000001109,58845020,11154,Lopid 600mg tablets (Pfizer Ltd),Gemfibrozil,600mg,Tablet,Oral,02120300,Fibrates,February 2009,0,0,0,1,0
60788,10138711000001106,72640020,0,Fenofibrate micronised 267mg capsules (Zentiva Pharma UK Ltd),Fenofibrate micronised,267mg,Capsule,Oral,02120300,Fibrates,August 2014,0,0,0,1,0
1324,66515001000027104,56377020,40388,Bezalip 200mg Tablet (Roche Products Ltd),Bezafibrate,200mg,Tablet,Oral,02120300,Fibrates,February 2009,0,0,0,1,0
79242,16184011000001104,76996020,0,Fenofibrate micronised 67mg capsules (A A H Pharmaceuticals Ltd),Fenofibrate micronised,67mg,Capsule,Oral,02120300,Fibrates,December 2019,0,0,0,1,0
73491,10639311000001102,73243020,148,Fenofibrate micronised 267mg capsules (A A H Pharmaceuticals Ltd),Fenofibrate micronised,267mg,Capsule,Oral,02120300,Fibrates,October 2018,0,0,0,1,0
40729,15871411000001108,97431020,3646,Tredaptive 1000mg/20mg modified-release tablets (Organon Pharma (UK) Ltd),Nicotinic acid/Laropiprant,1gram + 20mg,Modified-release tablet,Oral,02120500,Nicotinic Acid Group,November 2009,0,0,0,1,0
34277,646111000001100,56740020,107,Gemfibrozil 600mg tablets (Teva UK Ltd),Gemfibrozil,600mg,Tablet,Oral,02120300,Fibrates,February 2009,0,0,0,1,0
88477,38905011000001104,95328021,0,Fenofibrate micronised 267mg capsules (Medihealth (Northern) Ltd),Fenofibrate micronised,267mg,Capsule,Oral,02120300,Fibrates,July 2023,0,0,0,1,0
3318,319966005,62908020,32297,Gemfibrozil 300mg capsules,Gemfibrozil,300mg,Capsule,Oral,02120300,Fibrates,February 2009,0,0,0,1,0
67329,13922411000001100,02461020,36,Lipantil Micro 267 capsules (DE Pharmaceuticals),Fenofibrate micronised,267mg,Capsule,Oral,02120300,Fibrates,August 2016,0,0,0,1,0
86312,17299611000001108,77452020,0,Fenofibrate micronised 67mg capsules (Teva UK Ltd),Fenofibrate micronised,67mg,Capsule,Oral,02120300,Fibrates,July 2022,0,0,0,1,0
3159,9843611000001100,70568020,32779,Fenofibrate 200mg capsules,Fenofibrate,200mg,Capsule,Oral,02120300,Fibrates,February 2009,0,0,0,1,0
83810,92135001000027100,59701020,30,Colestyramine 4g/sachet Sachets (Genus Pharmaceuticals Ltd),Colestyramine anhydrous,4gram,Powder,Oral,01090200/02120100,Bile Acid Sequestrants/Bile Acid Sequestrants - Lipid-Regulating Products,May 2021,0,0,0,1,0
2435,168605001000027100,70563020,9616,Lipantil 100mg Capsule (Fournier Pharmaceuticals Ltd),Fenofibrate,100mg,Capsule,Oral,02120300,Fibrates,February 2009,0,0,0,1,0
1214,66525001000027104,56378020,204491,Bezalip 400mg Tablet (Roche Products Ltd),Bezafibrate,400mg,Modified-release tablet,Oral,02120300,Fibrates,February 2009,0,0,0,1,0
5216,32685001000027104,52058020,130537,Bezalip mono 400mg Modified-release tablet (Roche Products Ltd),Bezafibrate,400mg,Modified-release tablet,Oral,02120300,Fibrates,February 2009,0,0,0,1,0
5564,157065001000027100,68877020,5939,Colestid Orange sachets (Pharmacia Ltd),Colestipol Hydrochloride,,Orange Sachets,Oral,02120100,Bile Acid Sequestrants - Lipid-Regulating Products,February 2009,0,0,0,1,0
63737,15084211000001100,02462020,0,Fenofibrate micronised 267mg capsules (Sigma Pharmaceuticals Plc),Fenofibrate micronised,267mg,Capsule,Oral,02120300,Fibrates,July 2015,0,0,0,1,0
66425,29558611000001108,49069021,34,Bezafibrate 400mg modified-release tablets (A A H Pharmaceuticals Ltd),Bezafibrate,400mg,Modified-release tablet,Oral,02120300,Fibrates,June 2016,0,0,0,1,0
18081,4083711000001101,87334020,2373,Colestid Orange 5g granules sachets (Pfizer Ltd),Colestipol hydrochloride,5gram,Granules,Oral,02120100,Bile Acid Sequestrants - Lipid-Regulating Products,February 2009,0,0,0,1,0
12211,41987111000001104,55690020,7644,Nicotinic acid 50mg tablets,Nicotinic acid,50mg,Tablet,Oral,02120500,Nicotinic Acid Group,February 2009,0,0,0,1,0
4920,319988005,86192020,312943,Fenofibrate micronised 200mg capsules,Fenofibrate micronised,200mg,Capsule,Oral,02120300,Fibrates,February 2009,0,0,0,1,0
57219,4579711000001108,68534020,29,Fenofibrate micronised 200mg capsules (Sandoz Ltd),Fenofibrate micronised,200mg,Capsule,Oral,02120300,Fibrates,September 2013,0,0,0,1,0
17824,61405001000027104,55689020,267,Nicotinic acid 25mg Tablet,Nicotinic Acid,25mg,Tablet,Oral,02120500,Nicotinic Acid Group,February 2009,0,0,0,1,0
9639,319994002,76495020,335157,Fenofibrate micronised 160mg tablets,Fenofibrate micronised,160mg,Tablet,Oral,02120300,Fibrates,February 2009,0,0,0,1,0
74009,5524911000001103,02406020,106,Bezalip Mono 400mg modified-release tablets (Dowelhurst Ltd),Bezafibrate,400mg,Modified-release tablet,Oral,02120300,Fibrates,December 2018,0,0,0,1,0
9716,2950911000001103,68384020,52028,Supralip 160mg tablets (Viatris UK Healthcare Ltd),Fenofibrate micronised,160mg,Tablet,Oral,02120300,Fibrates,February 2009,0,0,0,1,0
39576,130711000001102,96389020,6447,Bezalip 200mg tablets (Teva UK Ltd),Bezafibrate,200mg,Tablet,Oral,02120300,Fibrates,May 2009,0,0,0,1,0
53250,16207911000001106,02566020,333,Modalim 100mg tablets (Lexon (UK) Ltd),Ciprofibrate,100mg,Tablet,Oral,02120300,Fibrates,January 2013,0,0,0,1,0
82511,16563811000001100,10714020,118,Niaspan 500mg modified-release tablets (Mawdsley-Brooks & Company Ltd),Nicotinic acid,500mg,Modified-release tablet,Oral,02120500,Nicotinic Acid Group,January 2021,0,0,0,1,0
75806,3258211000001103,71237020,5,Colestyramine 4g oral powder sachets sugar free (A A H Pharmaceuticals Ltd),Colestyramine anhydrous,4gram,Powder,Oral,01090200/02120100,Bile Acid Sequestrants/Bile Acid Sequestrants - Lipid-Regulating Products,April 2019,0,0,0,1,0
78285,30840811000001108,60218021,45,Praluent 75mg/1ml solution for injection pre-filled pens (Sanofi),Alirocumab,75mg/1ml,Solution for injection,Subcutaneous,02120700,Other Lipid-Regulating Products,November 2019,0,0,0,0,1
86038,19612311000001100,10719020,0,Ezetrol 10mg tablets (DE Pharmaceuticals),Ezetimibe,10mg,Tablet,Oral,02120200,Ezetimibe,April 2022,0,0,0,1,0
7544,4993911000001105,87155020,2398,Niaspan 750mg modified-release tablets (Abbott Laboratories Ltd),Nicotinic acid,750mg,Modified-release tablet,Oral,02120500,Nicotinic Acid Group,February 2009,0,0,0,1,0
14379,2957011000001101,86194020,6630,Lipantil Micro 67 capsules (Viatris UK Healthcare Ltd),Fenofibrate micronised,67mg,Capsule,Oral,02120300,Fibrates,February 2009,0,0,0,1,0
1477,49535001000027104,54229020,11555,Atromid -s 500mg Capsule (AstraZeneca UK Ltd),Clofibrate,500mg,Capsule,Oral,02120300,Fibrates,February 2009,0,0,0,1,0
1322,102975001000027100,61456020,8316,Clofibrate 500mg capsules,Clofibrate,500mg,Capsules,Oral,02120300,Fibrates,February 2009,0,0,0,1,0
70751,14285111000001108,02411020,13,Bezalip Mono 400mg modified-release tablets (Sigma Pharmaceuticals Plc),Bezafibrate,400mg,Modified-release tablet,Oral,02120300,Fibrates,November 2017,0,0,0,1,0
71793,30919211000001104,60215021,414,Alirocumab 150mg/1ml solution for injection pre-filled disposable devices,Alirocumab,150mg/1ml,Solution for injection,Subcutaneous,02120700,Other Lipid-Regulating Products,April 2018,0,0,0,0,1
64933,13721411000001104,02460020,0,Fenofibrate micronised 267mg capsules (Ranbaxy (UK) Ltd),Fenofibrate micronised,267mg,Capsule,Oral,02120300,Fibrates,December 2015,0,0,0,1,0
73910,374076007,09813020,5,Colestipol 1g tablets,Colestipol hydrochloride,1gram,Tablet,Oral,02120100,Bile Acid Sequestrants - Lipid-Regulating Products,December 2018,0,0,0,1,0
87966,17880311000001100,02477020,0,Fenofibrate micronised 160mg tablets (A A H Pharmaceuticals Ltd),Fenofibrate micronised,160mg,Tablet,Oral,02120300,Fibrates,April 2023,0,0,0,1,0
653,408060004,76979020,3116855,Ezetimibe 10mg tablets,Ezetimibe,10mg,Tablet,Oral,02120200,Ezetimibe,February 2009,0,0,0,1,0
74161,35431211000001100,80577021,0,Ezetimibe 10mg tablets (Viatris UK Healthcare Ltd),Ezetimibe,10mg,Tablet,Oral,02120200,Ezetimibe,December 2018,0,0,0,1,0
60385,16142411000001106,02412020,0,Bezalip Mono 400mg modified-release tablets (Lexon (UK) Ltd),Bezafibrate,400mg,Modified-release tablet,Oral,02120300,Fibrates,July 2014,0,0,0,1,0
72988,211035001000027100,79618020,16,Cholemin 4g/sachet Sachets (Berk Pharmaceuticals Ltd),Colestyramine anhydrous,4gram,Powder,Oral,01090200/02120100,Bile Acid Sequestrants/Bile Acid Sequestrants - Lipid-Regulating Products,September 2018,0,0,0,1,0
74346,30738111000001104,54197021,2,Evolocumab 140mg/1ml solution for injection pre-filled syringes,Evolocumab,140mg/1ml,Solution for injection,Subcutaneous,02120700,Other Lipid-Regulating Products,January 2019,0,0,0,0,1
50071,204365001000027100,77458020,0,Fenofibrate 160mg Tablet (Teva UK Ltd),Fenofibrate micronised,160mg,Tablet,Oral,02120300,Fibrates,January 2013,0,0,0,1,0
31783,9835611000001100,81036020,1,Fenogal 200mg capsules (Genus Pharmaceuticals Ltd),Fenofibrate,200mg,Capsule,Oral,02120300,Fibrates,February 2009,0,0,0,1,0
83929,16547611000001102,77079020,0,Fenofibrate micronised 267mg capsules (Teva UK Ltd),Fenofibrate micronised,267mg,Capsule,Oral,02120300,Fibrates,June 2021,0,0,0,1,0
59002,13585711000001104,02409020,0,Bezafibrate 400mg modified-release tablets (DE Pharmaceuticals),Bezafibrate,400mg,Modified-release tablet,Oral,02120300,Fibrates,March 2014,0,0,0,1,0
70950,21979811000001104,47195020,2,Fenofibrate micronised 200mg capsules (Waymade Healthcare Plc),Fenofibrate micronised,200mg,Capsule,Oral,02120300,Fibrates,December 2017,0,0,0,1,0
33944,9526011000001100,71743020,1,Bezafibrate 200mg tablets (Teva UK Ltd),Bezafibrate,200mg,Tablet,Oral,02120300,Fibrates,February 2009,0,0,0,1,0
74067,30663811000001104,54196021,1316,Repatha SureClick 140mg/1ml solution for injection pre-filled pens (Amgen Ltd),Evolocumab,140mg/1ml,Solution for injection,Subcutaneous,02120700,Other Lipid-Regulating Products,December 2018,0,0,0,0,1
14963,36031511000001110,87147020,3427,Nicotinic acid 500mg modified-release tablets,Nicotinic acid,500mg,Modified-release tablet,Oral,02120500,Nicotinic Acid Group,February 2009,0,0,0,1,0
86714,39479611000001104,97753021,1,Praluent 300mg/2ml solution for injection pre-filled pens (Sanofi),Alirocumab,150mg/1ml,Solution for injection,Subcutaneous,02120700,Other Lipid-Regulating Products,September 2022,0,0,0,0,1
34181,101665001000027100,61270020,135,Bezafibrate 400mg Modified-release tablet (Hillcross Pharmaceuticals Ltd),Bezafibrate,400mg,Modified-release tablet,Oral,02120300,Fibrates,February 2009,0,0,0,1,0
33603,7531411000001106,88794020,1341,Fibrazate XL 400mg tablets (Sandoz Ltd),Bezafibrate,400mg,Modified-release tablet,Oral,02120300,Fibrates,February 2009,0,0,0,1,0
