"prodcode","productname","drugsubstance","bnfcode","bnfchapter","type","label"
25,"Simvastatin 20mg tablets","Simvastatin","02120400","Statins",5,"simvastatin"
28,"Atorvastatin 10mg tablets","Atorvastatin calcium trihydrate","02120400","Statins",1,"atorvastatin"
42,"Simvastatin 10mg tablets","Simvastatin","02120400","Statins",5,"simvastatin"
51,"Simvastatin 40mg tablets","Simvastatin","02120400","Statins",5,"simvastatin"
75,"Atorvastatin 20mg tablets","Atorvastatin calcium trihydrate","02120400","Statins",1,"atorvastatin"
379,"Fluvastatin 20mg capsules","Fluvastatin sodium","02120400","Statins",2,"fluvastatin"
490,"Pravastatin 10mg tablets","Pravastatin sodium","02120400","Statins",3,"pravastatin"
713,"Rosuvastatin 10mg tablets","Rosuvastatin calcium","02120400","Statins",4,"rosuvastatin"
730,"Pravastatin 20mg tablets","Pravastatin sodium","02120400","Statins",3,"pravastatin"
745,"Atorvastatin 40mg tablets","Atorvastatin calcium trihydrate","02120400","Statins",1,"atorvastatin"
802,"Simvador 40mg tablets (Discovery Pharmaceuticals)","Simvastatin","02120400","Statins",5,"simvastatin"
818,"Simvastatin 20mg/5ml oral solution sugar free","Simvastatin","02120400","Statins",5,"simvastatin"
1219,"Pravastatin 40mg tablets","Pravastatin sodium","02120400","Statins",3,"pravastatin"
1221,"Lipostat 10mg tablets (Bristol-Myers Squibb Pharmaceuticals Ltd)","Pravastatin sodium","02120400","Statins",3,"pravastatin"
1223,"Lipostat 40mg tablets (Bristol-Myers Squibb Pharmaceuticals Ltd)","Pravastatin sodium","02120400","Statins",3,"pravastatin"
2137,"Fluvastatin 40mg capsules","Fluvastatin sodium","02120400","Statins",2,"fluvastatin"
2718,"Zocor 10mg tablets (Merck Sharp & Dohme Ltd)","Simvastatin","02120400","Statins",5,"simvastatin"
2955,"Lipitor 40mg tablets (Pfizer Ltd)","Atorvastatin calcium trihydrate","02120400","Statins",1,"atorvastatin"
3411,"Lipitor 10mg tablets (Pfizer Ltd)","Atorvastatin calcium trihydrate","02120400","Statins",1,"atorvastatin"
3690,"Lipostat 20mg tablets (Bristol-Myers Squibb Pharmaceuticals Ltd)","Pravastatin sodium","02120400","Statins",3,"pravastatin"
5148,"Simvastatin 80mg tablets","Simvastatin","02120400","Statins",5,"simvastatin"
5775,"Atorvastatin 80mg tablets","Atorvastatin calcium trihydrate","02120400","Statins",1,"atorvastatin"
5985,"Lescol XL 80mg tablets (Novartis Pharmaceuticals UK Ltd)","Fluvastatin sodium","02120400","Statins",2,"fluvastatin"
6168,"Zocor 40mg tablets (Merck Sharp & Dohme Ltd)","Simvastatin","02120400","Statins",5,"simvastatin"
6213,"Rosuvastatin 20mg tablets","Rosuvastatin calcium","02120400","Statins",4,"rosuvastatin"
7196,"Zocor 20mg tablets (Merck Sharp & Dohme Ltd)","Simvastatin","02120400","Statins",5,"simvastatin"
7347,"Crestor 10mg tablets (AstraZeneca UK Ltd)","Rosuvastatin calcium","02120400","Statins",4,"rosuvastatin"
7374,"Lipitor 20mg tablets (Pfizer Ltd)","Atorvastatin calcium trihydrate","02120400","Statins",1,"atorvastatin"
7554,"Rosuvastatin 5mg tablets","Rosuvastatin calcium","02120400","Statins",4,"rosuvastatin"
8380,"Lescol 20mg capsules (Novartis Pharmaceuticals UK Ltd)","Fluvastatin sodium","02120400","Statins",2,"fluvastatin"
9153,"Lescol 40mg capsules (Novartis Pharmaceuticals UK Ltd)","Fluvastatin sodium","02120400","Statins",2,"fluvastatin"
9897,"Rosuvastatin 40mg tablets","Rosuvastatin calcium","02120400","Statins",4,"rosuvastatin"
9920,"Simvador 20mg tablets (Discovery Pharmaceuticals)","Simvastatin","02120400","Statins",5,"simvastatin"
9930,"Crestor 40mg tablets (AstraZeneca UK Ltd)","Rosuvastatin calcium","02120400","Statins",4,"rosuvastatin"
11627,"Fluvastatin 80mg modified-release tablets","Fluvastatin sodium","02120400","Statins",2,"fluvastatin"
13041,"Simvador 10mg tablets (Discovery Pharmaceuticals)","Simvastatin","02120400","Statins",5,"simvastatin"
15252,"Crestor 20mg tablets (AstraZeneca UK Ltd)","Rosuvastatin calcium","02120400","Statins",4,"rosuvastatin"
17683,"Lipitor 80mg tablets (Pfizer Ltd)","Atorvastatin calcium trihydrate","02120400","Statins",1,"atorvastatin"
17688,"Crestor 5mg tablets (AstraZeneca UK Ltd)","Rosuvastatin calcium","02120400","Statins",4,"rosuvastatin"
22579,"Zocor 80mg tablets (Merck Sharp & Dohme Ltd)","Simvastatin","02120400","Statins",5,"simvastatin"
31930,"Zocor heart-pro 10mg Tablet (McNeil Products Ltd)","Simvastatin","02120400","Statins",5,"simvastatin"
32909,"Simvastatin 80mg tablets (A A H Pharmaceuticals Ltd)","Simvastatin","02120400","Statins",5,"simvastatin"
32921,"Pravastatin 10mg Tablet (Dr Reddy's Laboratories (UK) Ltd)","Pravastatin sodium","02120400","Statins",3,"pravastatin"
33082,"Simvastatin 20mg tablets (A A H Pharmaceuticals Ltd)","Simvastatin","02120400","Statins",5,"simvastatin"
34312,"Simvastatin 20mg tablets (Mylan)","Simvastatin","02120400","Statins",5,"simvastatin"
34316,"Simvastatin 20mg tablets (Teva UK Ltd)","Simvastatin","02120400","Statins",5,"simvastatin"
34353,"Simvastatin 40mg tablets (Mylan)","Simvastatin","02120400","Statins",5,"simvastatin"
34366,"Simvastatin 20mg tablets (IVAX Pharmaceuticals UK Ltd)","Simvastatin","02120400","Statins",5,"simvastatin"
34376,"Simvastatin 40mg tablets (Teva UK Ltd)","Simvastatin","02120400","Statins",5,"simvastatin"
34381,"Simvastatin 40mg tablets (IVAX Pharmaceuticals UK Ltd)","Simvastatin","02120400","Statins",5,"simvastatin"
34476,"Simvastatin 20mg Tablet (Ratiopharm UK Ltd)","Simvastatin","02120400","Statins",5,"simvastatin"
34481,"Simvastatin 10mg tablets (IVAX Pharmaceuticals UK Ltd)","Simvastatin","02120400","Statins",5,"simvastatin"
34502,"Simvastatin 40mg tablets (A A H Pharmaceuticals Ltd)","Simvastatin","02120400","Statins",5,"simvastatin"
34535,"Simvastatin 10mg tablets (Mylan)","Simvastatin","02120400","Statins",5,"simvastatin"
34545,"Simvastatin 40mg Tablet (Ratiopharm UK Ltd)","Simvastatin","02120400","Statins",5,"simvastatin"
34560,"Simvastatin 10mg Tablet (Ratiopharm UK Ltd)","Simvastatin","02120400","Statins",5,"simvastatin"
34746,"Simvastatin 20mg Tablet (Niche Generics Ltd)","Simvastatin","02120400","Statins",5,"simvastatin"
34814,"Simvastatin 20mg tablets (Wockhardt UK Ltd)","Simvastatin","02120400","Statins",5,"simvastatin"
34820,"Pravastatin 40mg tablets (A A H Pharmaceuticals Ltd)","Pravastatin sodium","02120400","Statins",3,"pravastatin"
34879,"Simvastatin 40mg Tablet (Niche Generics Ltd)","Simvastatin","02120400","Statins",5,"simvastatin"
34891,"Simvastatin 20mg tablets (Kent Pharmaceuticals Ltd)","Simvastatin","02120400","Statins",5,"simvastatin"
34907,"Simvastatin 40mg tablets (Wockhardt UK Ltd)","Simvastatin","02120400","Statins",5,"simvastatin"
34955,"Simvastatin 10mg tablets (A A H Pharmaceuticals Ltd)","Simvastatin","02120400","Statins",5,"simvastatin"
34969,"Simvastatin 40mg tablets (Actavis UK Ltd)","Simvastatin","02120400","Statins",5,"simvastatin"
36377,"Pravastatin 20mg tablets (Teva UK Ltd)","Pravastatin sodium","02120400","Statins",3,"pravastatin"
37434,"Simvastatin 40mg tablets (Sandoz Ltd)","Simvastatin","02120400","Statins",5,"simvastatin"
39060,"Simvastatin 20mg tablets (Dexcel-Pharma Ltd)","Simvastatin","02120400","Statins",5,"simvastatin"
39652,"Simvastatin 40mg/5ml oral solution sugar free","Simvastatin","02120400","Statins",5,"simvastatin"
39675,"Simvastatin 20mg/5ml Oral suspension (Martindale Pharmaceuticals Ltd)","Simvastatin","02120400","Statins",5,"simvastatin"
39870,"Simvador 80mg tablets (Discovery Pharmaceuticals)","Simvastatin","02120400","Statins",5,"simvastatin"
40340,"Simvastatin 10mg tablets (Teva UK Ltd)","Simvastatin","02120400","Statins",5,"simvastatin"
40382,"Pravastatin 20mg tablets (A A H Pharmaceuticals Ltd)","Pravastatin sodium","02120400","Statins",3,"pravastatin"
40601,"Simvastatin 20mg tablets (Ranbaxy (UK) Ltd)","Simvastatin","02120400","Statins",5,"simvastatin"
41657,"Simvastatin 80mg tablets (Teva UK Ltd)","Simvastatin","02120400","Statins",5,"simvastatin"
43218,"Pravastatin 10mg tablets (Teva UK Ltd)","Pravastatin sodium","02120400","Statins",3,"pravastatin"
44528,"Simvastatin 20mg/5ml oral suspension sugar free (Rosemont Pharmaceuticals Ltd)","Simvastatin","02120400","Statins",5,"simvastatin"
44650,"Simvastatin 40mg tablets (Dexcel-Pharma Ltd)","Simvastatin","02120400","Statins",5,"simvastatin"
44878,"Ranzolont 10mg tablets (Ranbaxy (UK) Ltd)","Simvastatin","02120400","Statins",5,"simvastatin"
45219,"Simvastatin 40mg tablets (Kent Pharmaceuticals Ltd)","Simvastatin","02120400","Statins",5,"simvastatin"
45235,"Simvastatin 20mg tablets (Sandoz Ltd)","Simvastatin","02120400","Statins",5,"simvastatin"
45245,"Simvastatin 20mg tablets (Actavis UK Ltd)","Simvastatin","02120400","Statins",5,"simvastatin"
45346,"Simvastatin 40mg tablets (Arrow Generics Ltd)","Simvastatin","02120400","Statins",5,"simvastatin"
46878,"Simvastatin 40mg tablets (Almus Pharmaceuticals Ltd)","Simvastatin","02120400","Statins",5,"simvastatin"
46956,"Simvastatin 80mg tablets (Arrow Generics Ltd)","Simvastatin","02120400","Statins",5,"simvastatin"
47065,"Atorvastatin 20mg chewable tablets sugar free","Atorvastatin calcium trihydrate","00000000","Unknown",1,"atorvastatin"
47090,"Atorvastatin 10mg chewable tablets sugar free","Atorvastatin calcium trihydrate","00000000","Unknown",1,"atorvastatin"
47630,"Lipitor 20mg chewable tablets (Pfizer Ltd)","Atorvastatin calcium trihydrate","00000000","Unknown",1,"atorvastatin"
47721,"Lipitor 10mg chewable tablets (Pfizer Ltd)","Atorvastatin calcium trihydrate","02120400","Statins",1,"atorvastatin"
47774,"Simvastatin 10mg tablets (Arrow Generics Ltd)","Simvastatin","02120400","Statins",5,"simvastatin"
47948,"Simvastatin 10mg tablets (Tillomed Laboratories Ltd)","Simvastatin","02120400","Statins",5,"simvastatin"
47988,"Pravastatin 40mg tablets (Mylan)","Pravastatin sodium","02120400","Statins",3,"pravastatin"
48018,"Simvastatin 20mg tablets (Arrow Generics Ltd)","Simvastatin","02120400","Statins",5,"simvastatin"
48051,"Simvastatin 10mg tablets (Kent Pharmaceuticals Ltd)","Simvastatin","02120400","Statins",5,"simvastatin"
48058,"Simvastatin 10mg tablets (Ranbaxy (UK) Ltd)","Simvastatin","02120400","Statins",5,"simvastatin"
48078,"Simvastatin 10mg tablets (Actavis UK Ltd)","Simvastatin","02120400","Statins",5,"simvastatin"
48097,"Pravastatin 40mg tablets (Teva UK Ltd)","Pravastatin sodium","02120400","Statins",3,"pravastatin"
48221,"Simvastatin 20mg/5ml oral suspension sugar free","Simvastatin","02120400","Statins",5,"simvastatin"
48346,"Atorvastatin 60mg tablets","Atorvastatin calcium trihydrate","02120400","Statins",1,"atorvastatin"
48431,"Simvastatin 40mg/5ml oral suspension sugar free","Simvastatin","02120400","Statins",5,"simvastatin"
48518,"Atorvastatin 10mg/5ml oral solution","Atorvastatin calcium trihydrate","02120400","Statins",1,"atorvastatin"
48867,"Simvastatin 40mg tablets (Alliance Healthcare (Distribution) Ltd)","Simvastatin","02120400","Statins",5,"simvastatin"
48973,"Atorvastatin 30mg tablets","Atorvastatin calcium trihydrate","02120400","Statins",1,"atorvastatin"
49061,"Simvastatin 40mg tablets (Bristol Laboratories Ltd)","Simvastatin","02120400","Statins",5,"simvastatin"
49062,"Simvastatin 20mg tablets (Alliance Healthcare (Distribution) Ltd)","Simvastatin","02120400","Statins",5,"simvastatin"
49558,"Atorvastatin 20mg tablets (A A H Pharmaceuticals Ltd)","Atorvastatin calcium trihydrate","02120400","Statins",1,"atorvastatin"
49587,"Simvastatin 80mg tablets (Almus Pharmaceuticals Ltd)","Simvastatin","02120400","Statins",5,"simvastatin"
49751,"Atorvastatin 40mg tablets (Alliance Healthcare (Distribution) Ltd)","Atorvastatin calcium trihydrate","02120400","Statins",1,"atorvastatin"
50236,"Atorvastatin 10mg tablets (Zentiva)","Atorvastatin calcium trihydrate","02120400","Statins",1,"atorvastatin"
50272,"Atorvastatin 40mg tablets (Pfizer Ltd)","Atorvastatin calcium trihydrate","02120400","Statins",1,"atorvastatin"
50483,"Simvastatin 40mg tablets (Relonchem Ltd)","Simvastatin","02120400","Statins",5,"simvastatin"
50564,"Simvastatin 20mg tablets (Relonchem Ltd)","Simvastatin","02120400","Statins",5,"simvastatin"
50670,"Simvastatin 40mg tablets (Milpharm Ltd)","Simvastatin","02120400","Statins",5,"simvastatin"
50703,"Simvastatin 40mg tablets (Accord Healthcare Ltd)","Simvastatin","02120400","Statins",5,"simvastatin"
50754,"Simvastatin 20mg tablets (Medreich Plc)","Simvastatin","02120400","Statins",5,"simvastatin"
50788,"Atorvastatin 20mg tablets (Pfizer Ltd)","Atorvastatin calcium trihydrate","02120400","Statins",1,"atorvastatin"
50790,"Atorvastatin 20mg tablets (Dexcel-Pharma Ltd)","Atorvastatin calcium trihydrate","02120400","Statins",1,"atorvastatin"
50882,"Simvastatin 40mg tablets (Somex Pharma)","Simvastatin","02120400","Statins",5,"simvastatin"
50925,"Pravastatin 10mg tablets (Sigma Pharmaceuticals Plc)","Pravastatin sodium","02120400","Statins",3,"pravastatin"
50963,"Atorvastatin 40mg tablets (Teva UK Ltd)","Atorvastatin calcium trihydrate","02120400","Statins",1,"atorvastatin"
51085,"Simvastatin 10mg tablets (Medreich Plc)","Simvastatin","02120400","Statins",5,"simvastatin"
51134,"Atorvastatin 10mg tablets (A A H Pharmaceuticals Ltd)","Atorvastatin calcium trihydrate","02120400","Statins",1,"atorvastatin"
51166,"Simvastatin 40mg tablets (Medreich Plc)","Simvastatin","02120400","Statins",5,"simvastatin"
51200,"Atorvastatin 40mg tablets (Arrow Generics Ltd)","Atorvastatin calcium trihydrate","02120400","Statins",1,"atorvastatin"
51233,"Simvastatin 10mg tablets (Alliance Healthcare (Distribution) Ltd)","Simvastatin","02120400","Statins",5,"simvastatin"
51359,"Atorvastatin 20mg tablets (Arrow Generics Ltd)","Atorvastatin calcium trihydrate","02120400","Statins",1,"atorvastatin"
51483,"Simvastatin 20mg tablets (Milpharm Ltd)","Simvastatin","02120400","Statins",5,"simvastatin"
51622,"Atorvastatin 20mg tablets (Consilient Health Ltd)","Atorvastatin calcium trihydrate","02120400","Statins",1,"atorvastatin"
51676,"Pravastatin 40mg tablets (Medreich Plc)","Pravastatin sodium","02120400","Statins",3,"pravastatin"
51715,"Simvastatin 10mg tablets (Sigma Pharmaceuticals Plc)","Simvastatin","02120400","Statins",5,"simvastatin"
51876,"Atorvastatin 40mg tablets (Consilient Health Ltd)","Atorvastatin calcium trihydrate","02120400","Statins",1,"atorvastatin"
51890,"Pravastatin 20mg tablets (Medreich Plc)","Pravastatin sodium","02120400","Statins",3,"pravastatin"
52097,"Atorvastatin 40mg tablets (Wockhardt UK Ltd)","Atorvastatin calcium trihydrate","02120400","Statins",1,"atorvastatin"
52098,"Simvastatin 40mg tablets (Ranbaxy (UK) Ltd)","Simvastatin","02120400","Statins",5,"simvastatin"
52168,"Atorvastatin 20mg tablets (Aspire Pharma Ltd)","Atorvastatin calcium trihydrate","02120400","Statins",1,"atorvastatin"
52211,"Atorvastatin 20mg tablets (Actavis UK Ltd)","Atorvastatin calcium trihydrate","02120400","Statins",1,"atorvastatin"
52257,"Simvastatin 20mg tablets (Accord Healthcare Ltd)","Simvastatin","02120400","Statins",5,"simvastatin"
52397,"Atorvastatin 40mg tablets (Dr Reddy's Laboratories (UK) Ltd)","Atorvastatin calcium trihydrate","02120400","Statins",1,"atorvastatin"
52398,"Atorvastatin 40mg tablets (A A H Pharmaceuticals Ltd)","Atorvastatin calcium trihydrate","02120400","Statins",1,"atorvastatin"
52459,"Atorvastatin 80mg tablets (Actavis UK Ltd)","Atorvastatin calcium trihydrate","02120400","Statins",1,"atorvastatin"
52460,"Atorvastatin 40mg tablets (Aspire Pharma Ltd)","Atorvastatin calcium trihydrate","02120400","Statins",1,"atorvastatin"
52625,"Simvastatin 10mg tablets (Wockhardt UK Ltd)","Simvastatin","02120400","Statins",5,"simvastatin"
52676,"Simvastatin 10mg/5ml oral suspension","Simvastatin","02120400","Statins",5,"simvastatin"
52755,"Pravastatin 20mg tablets (Alliance Healthcare (Distribution) Ltd)","Pravastatin sodium","02120400","Statins",3,"pravastatin"
52812,"Simvastatin 20mg tablets (Sigma Pharmaceuticals Plc)","Simvastatin","02120400","Statins",5,"simvastatin"
52821,"Atorvastatin 80mg tablets (Dr Reddy's Laboratories (UK) Ltd)","Atorvastatin calcium trihydrate","02120400","Statins",1,"atorvastatin"
52953,"Simvastatin 20mg tablets (Bristol Laboratories Ltd)","Simvastatin","02120400","Statins",5,"simvastatin"
52962,"Simvastatin 80mg tablets (Medreich Plc)","Simvastatin","02120400","Statins",5,"simvastatin"
53087,"Simvastatin 20mg tablets (Somex Pharma)","Simvastatin","02120400","Statins",5,"simvastatin"
53340,"Zocor 40mg tablets (Lexon (UK) Ltd)","Simvastatin","02120400","Statins",5,"simvastatin"
53415,"Simvastatin 10mg tablets (Milpharm Ltd)","Simvastatin","02120400","Statins",5,"simvastatin"
53460,"Crestor 10mg tablets (DE Pharmaceuticals)","Rosuvastatin calcium","02120400","Statins",4,"rosuvastatin"
53594,"Lipitor 80mg tablets (Mawdsley-Brooks & Company Ltd)","Atorvastatin calcium trihydrate","02120400","Statins",1,"atorvastatin"
53676,"Simvastatin 20mg tablets (Tillomed Laboratories Ltd)","Simvastatin","02120400","Statins",5,"simvastatin"
53770,"Fluvastatin 40mg capsules (A A H Pharmaceuticals Ltd)","Fluvastatin sodium","02120400","Statins",2,"fluvastatin"
53772,"Atorvastatin 80mg tablets (Alliance Healthcare (Distribution) Ltd)","Atorvastatin calcium trihydrate","02120400","Statins",1,"atorvastatin"
53822,"Simvastatin 10mg tablets (Bristol Laboratories Ltd)","Simvastatin","02120400","Statins",5,"simvastatin"
53887,"Atorvastatin 40mg tablets (Actavis UK Ltd)","Atorvastatin calcium trihydrate","02120400","Statins",1,"atorvastatin"
53890,"Atorvastatin 80mg tablets (Pfizer Ltd)","Atorvastatin calcium trihydrate","02120400","Statins",1,"atorvastatin"
53908,"Simvastatin 10mg tablets (Dexcel-Pharma Ltd)","Simvastatin","02120400","Statins",5,"simvastatin"
53966,"Simvastatin 40mg tablets (Phoenix Healthcare Distribution Ltd)","Simvastatin","02120400","Statins",5,"simvastatin"
54240,"Simvastatin 40mg tablets (Sigma Pharmaceuticals Plc)","Simvastatin","02120400","Statins",5,"simvastatin"
54266,"Simvastatin 20mg/5ml oral suspension","Simvastatin","02120400","Statins",5,"simvastatin"
54435,"Pravastatin 40mg tablets (Almus Pharmaceuticals Ltd)","Pravastatin sodium","02120400","Statins",3,"pravastatin"
54493,"Simvastatin 10mg tablets (Relonchem Ltd)","Simvastatin","02120400","Statins",5,"simvastatin"
54535,"Atorvastatin 10mg tablets (Pfizer Ltd)","Atorvastatin calcium trihydrate","02120400","Statins",1,"atorvastatin"
54606,"Simvastatin 20mg/5ml oral suspension sugar free (A A H Pharmaceuticals Ltd)","Simvastatin","02120400","Statins",5,"simvastatin"
54607,"Pravastatin 20mg tablets (Almus Pharmaceuticals Ltd)","Pravastatin sodium","02120400","Statins",3,"pravastatin"
54655,"Simvastatin 10mg tablets (Accord Healthcare Ltd)","Simvastatin","02120400","Statins",5,"simvastatin"
54819,"Simvastatin 40mg/5ml oral suspension sugar free (Rosemont Pharmaceuticals Ltd)","Simvastatin","02120400","Statins",5,"simvastatin"
54947,"Simvastatin 20mg tablets (Almus Pharmaceuticals Ltd)","Simvastatin","02120400","Statins",5,"simvastatin"
54976,"Simvastatin 10mg tablets (Somex Pharma)","Simvastatin","02120400","Statins",5,"simvastatin"
54985,"Simvastatin 40mg/5ml oral suspension","Simvastatin","02120400","Statins",5,"simvastatin"
54992,"Atorvastatin 10mg/5ml oral suspension","Atorvastatin calcium trihydrate","02120400","Statins",1,"atorvastatin"
55032,"Atorvastatin 10mg tablets (Dexcel-Pharma Ltd)","Atorvastatin calcium trihydrate","02120400","Statins",1,"atorvastatin"
55034,"Atorvastatin 40mg/5ml oral suspension","Atorvastatin calcium trihydrate","02120400","Statins",1,"atorvastatin"
55444,"Atorvastatin 40mg tablets (Zentiva)","Atorvastatin calcium trihydrate","02120400","Statins",1,"atorvastatin"
55452,"Simvastatin 20mg tablets (Phoenix Healthcare Distribution Ltd)","Simvastatin","02120400","Statins",5,"simvastatin"
55727,"Atorvastatin 10mg tablets (Actavis UK Ltd)","Atorvastatin calcium trihydrate","02120400","Statins",1,"atorvastatin"
55912,"Pravastatin 40mg tablets (Alliance Healthcare (Distribution) Ltd)","Pravastatin sodium","02120400","Statins",3,"pravastatin"
56016,"Lipitor 20mg chewable tablets (Pfizer Ltd)","Atorvastatin calcium trihydrate","02120400","Statins",1,"atorvastatin"
56065,"Simvastatin 20mg/5ml oral suspension sugar free (Waymade Healthcare Plc)","Simvastatin","02120400","Statins",5,"simvastatin"
56097,"Atorvastatin 10mg chewable tablets sugar free","Atorvastatin calcium trihydrate","02120400","Statins",1,"atorvastatin"
56146,"Pravastatin 10mg tablets (Waymade Healthcare Plc)","Pravastatin sodium","02120400","Statins",3,"pravastatin"
56165,"Atorvastatin 20mg chewable tablets sugar free","Atorvastatin calcium trihydrate","02120400","Statins",1,"atorvastatin"
56182,"Atorvastatin 80mg tablets (Zentiva)","Atorvastatin calcium trihydrate","02120400","Statins",1,"atorvastatin"
56248,"Atorvastatin 20mg tablets (Sigma Pharmaceuticals Plc)","Atorvastatin calcium trihydrate","02120400","Statins",1,"atorvastatin"
56481,"Zocor 10mg tablets (Sigma Pharmaceuticals Plc)","Simvastatin","02120400","Statins",5,"simvastatin"
56494,"Zocor 20mg tablets (Sigma Pharmaceuticals Plc)","Simvastatin","02120400","Statins",5,"simvastatin"
56564,"Atorvastatin 20mg tablets (Almus Pharmaceuticals Ltd)","Atorvastatin calcium trihydrate","02120400","Statins",1,"atorvastatin"
56607,"Pravastatin 20mg tablets (Waymade Healthcare Plc)","Pravastatin sodium","02120400","Statins",3,"pravastatin"
56735,"Pravastatin 20mg tablets (Mylan)","Pravastatin sodium","02120400","Statins",3,"pravastatin"
56841,"Atorvastatin 40mg tablets (Dexcel-Pharma Ltd)","Atorvastatin calcium trihydrate","02120400","Statins",1,"atorvastatin"
56893,"Pravastatin 40mg tablets (Accord Healthcare Ltd)","Pravastatin sodium","02120400","Statins",3,"pravastatin"
56916,"Pravastatin 40mg tablets (PLIVA Pharma Ltd)","Pravastatin sodium","02120400","Statins",3,"pravastatin"
57108,"Pravastatin 40mg tablets (Waymade Healthcare Plc)","Pravastatin sodium","02120400","Statins",3,"pravastatin"
57117,"Atorvastatin 80mg tablets (Waymade Healthcare Plc)","Atorvastatin calcium trihydrate","02120400","Statins",1,"atorvastatin"
57137,"Pravastatin 10mg tablets (Almus Pharmaceuticals Ltd)","Pravastatin sodium","02120400","Statins",3,"pravastatin"
57296,"Pravastatin 20mg tablets (Phoenix Healthcare Distribution Ltd)","Pravastatin sodium","02120400","Statins",3,"pravastatin"
57329,"Simvastatin 25mg/5ml oral suspension","Simvastatin","02120400","Statins",5,"simvastatin"
57348,"Atorvastatin 10mg tablets (Consilient Health Ltd)","Atorvastatin calcium trihydrate","02120400","Statins",1,"atorvastatin"
57397,"Pravastatin 10mg tablets (Accord Healthcare Ltd)","Pravastatin sodium","02120400","Statins",3,"pravastatin"
57568,"Zocor 10mg tablets (Lexon (UK) Ltd)","Simvastatin","02120400","Statins",5,"simvastatin"
57763,"Rosuvastatin 10mg tablets (Waymade Healthcare Plc)","Rosuvastatin calcium","02120400","Statins",4,"rosuvastatin"
57834,"Atorvastatin 40mg tablets (DE Pharmaceuticals)","Atorvastatin calcium trihydrate","02120400","Statins",1,"atorvastatin"
57836,"Atorvastatin 80mg tablets (Teva UK Ltd)","Atorvastatin calcium trihydrate","02120400","Statins",1,"atorvastatin"
57999,"Crestor 40mg tablets (Lexon (UK) Ltd)","Rosuvastatin calcium","02120400","Statins",4,"rosuvastatin"
58041,"Atorvastatin 20mg tablets (Teva UK Ltd)","Atorvastatin calcium trihydrate","02120400","Statins",1,"atorvastatin"
58110,"Atorvastatin 20mg tablets (Zentiva)","Atorvastatin calcium trihydrate","02120400","Statins",1,"atorvastatin"
58315,"Simvastatin 20mg tablets (Waymade Healthcare Plc)","Simvastatin","02120400","Statins",5,"simvastatin"
58394,"Atorvastatin 20mg tablets (Alliance Healthcare (Distribution) Ltd)","Atorvastatin calcium trihydrate","02120400","Statins",1,"atorvastatin"
58418,"Atorvastatin 80mg tablets (A A H Pharmaceuticals Ltd)","Atorvastatin calcium trihydrate","02120400","Statins",1,"atorvastatin"
58617,"Rosuvastatin 20mg/5ml oral suspension","Rosuvastatin calcium","02120400","Statins",4,"rosuvastatin"
58742,"Atorvastatin 80mg tablets (Arrow Generics Ltd)","Atorvastatin calcium trihydrate","02120400","Statins",1,"atorvastatin"
58755,"Simvastatin 10mg tablets (Phoenix Healthcare Distribution Ltd)","Simvastatin","02120400","Statins",5,"simvastatin"
58834,"Atorvastatin 10mg tablets (DE Pharmaceuticals)","Atorvastatin calcium trihydrate","02120400","Statins",1,"atorvastatin"
58868,"Atorvastatin 10mg tablets (Sigma Pharmaceuticals Plc)","Atorvastatin calcium trihydrate","02120400","Statins",1,"atorvastatin"
59272,"Atorvastatin 20mg tablets (Waymade Healthcare Plc)","Atorvastatin calcium trihydrate","02120400","Statins",1,"atorvastatin"
59278,"Fluvastatin 20mg capsules (Zentiva)","Fluvastatin sodium","02120400","Statins",2,"fluvastatin"
59331,"Lipitor 10mg tablets (DE Pharmaceuticals)","Atorvastatin calcium trihydrate","02120400","Statins",1,"atorvastatin"
59357,"Atorvastatin 10mg tablets (Ranbaxy (UK) Ltd)","Atorvastatin calcium trihydrate","02120400","Statins",1,"atorvastatin"
59446,"Atorvastatin 40mg tablets (Almus Pharmaceuticals Ltd)","Atorvastatin calcium trihydrate","02120400","Statins",1,"atorvastatin"
59447,"Crestor 20mg tablets (Waymade Healthcare Plc)","Rosuvastatin calcium","02120400","Statins",4,"rosuvastatin"
59452,"Rosuvastatin 5mg tablets (Waymade Healthcare Plc)","Rosuvastatin calcium","02120400","Statins",4,"rosuvastatin"
59508,"Pravastatin 20mg tablets (Accord Healthcare Ltd)","Pravastatin sodium","02120400","Statins",3,"pravastatin"
59776,"Atorvastatin 80mg tablets (Aspire Pharma Ltd)","Atorvastatin calcium trihydrate","02120400","Statins",1,"atorvastatin"
59859,"Atorvastatin 10mg tablets (Teva UK Ltd)","Atorvastatin calcium trihydrate","02120400","Statins",1,"atorvastatin"
60160,"Rosuvastatin 5mg tablets (Mawdsley-Brooks & Company Ltd)","Rosuvastatin calcium","02120400","Statins",4,"rosuvastatin"
60251,"Pravastatin 10mg tablets (Sandoz Ltd)","Pravastatin sodium","02120400","Statins",3,"pravastatin"
60464,"Atorvastatin 20mg/5ml oral suspension","Atorvastatin calcium trihydrate","02120400","Statins",1,"atorvastatin"
60511,"Atorvastatin 40mg tablets (Ranbaxy (UK) Ltd)","Atorvastatin calcium trihydrate","02120400","Statins",1,"atorvastatin"
60607,"Atorvastatin 80mg tablets (DE Pharmaceuticals)","Atorvastatin calcium trihydrate","02120400","Statins",1,"atorvastatin"
60989,"Atorvastatin 80mg tablets (Phoenix Healthcare Distribution Ltd)","Atorvastatin calcium trihydrate","02120400","Statins",1,"atorvastatin"
61134,"Pravastatin 20mg tablets (Sigma Pharmaceuticals Plc)","Pravastatin sodium","02120400","Statins",3,"pravastatin"
61149,"Atorvastatin 10mg tablets (Waymade Healthcare Plc)","Atorvastatin calcium trihydrate","02120400","Statins",1,"atorvastatin"
61155,"Simvastatin 40mg/5ml oral suspension sugar free (A A H Pharmaceuticals Ltd)","Simvastatin","02120400","Statins",5,"simvastatin"
61321,"Simvastatin 10mg tablets (Sandoz Ltd)","Simvastatin","02120400","Statins",5,"simvastatin"
61360,"Simvastatin 10mg tablets (Almus Pharmaceuticals Ltd)","Simvastatin","02120400","Statins",5,"simvastatin"
61665,"Simvastatin 10mg tablets (Waymade Healthcare Plc)","Simvastatin","02120400","Statins",5,"simvastatin"
62137,"Simvastatin 40mg tablets (Waymade Healthcare Plc)","Simvastatin","02120400","Statins",5,"simvastatin"
62148,"Fluvastatin 20mg capsules (Actavis UK Ltd)","Fluvastatin sodium","02120400","Statins",2,"fluvastatin"
62219,"Atorvastatin 20mg tablets (DE Pharmaceuticals)","Atorvastatin calcium trihydrate","02120400","Statins",1,"atorvastatin"
62429,"Atorvastatin 20mg tablets (DE Pharmaceuticals)","Atorvastatin calcium trihydrate","02120400","Statins",1,"atorvastatin"
62476,"Atorvastatin 80mg tablets (Almus Pharmaceuticals Ltd)","Atorvastatin calcium trihydrate","02120400","Statins",1,"atorvastatin"
62979,"Pravastatin 40mg tablets (Kent Pharmaceuticals Ltd)","Pravastatin sodium","02120400","Statins",3,"pravastatin"
63074,"Pravastatin 20mg tablets (PLIVA Pharma Ltd)","Pravastatin sodium","02120400","Statins",3,"pravastatin"
63140,"Atorvastatin 10mg tablets (Alliance Healthcare (Distribution) Ltd)","Atorvastatin calcium trihydrate","02120400","Statins",1,"atorvastatin"
63249,"Atorvastatin 80mg tablets (Consilient Health Ltd)","Atorvastatin calcium trihydrate","02120400","Statins",1,"atorvastatin"
63469,"Atorvastatin 30mg tablets (Consilient Health Ltd)","Atorvastatin calcium trihydrate","02120400","Statins",1,"atorvastatin"
63787,"Pravastatin 10mg tablets (Tillomed Laboratories Ltd)","Pravastatin sodium","02120400","Statins",3,"pravastatin"
64067,"Atorvastatin 20mg/5ml oral solution","Atorvastatin calcium trihydrate","02120400","Statins",1,"atorvastatin"
64104,"Simvastatin 20mg tablets (Crescent Pharma Ltd)","Simvastatin","02120400","Statins",5,"simvastatin"
64180,"Simvastatin 10mg tablets (Crescent Pharma Ltd)","Simvastatin","02120400","Statins",5,"simvastatin"
64307,"Simvastatin 40mg tablets (Crescent Pharma Ltd)","Simvastatin","02120400","Statins",5,"simvastatin"
64702,"Atorvastatin 30mg tablets (A A H Pharmaceuticals Ltd)","Atorvastatin calcium trihydrate","02120400","Statins",1,"atorvastatin"
64810,"Atorvastatin 40mg tablets (Phoenix Healthcare Distribution Ltd)","Atorvastatin calcium trihydrate","02120400","Statins",1,"atorvastatin"
64825,"Atorvastatin 10mg tablets (Phoenix Healthcare Distribution Ltd)","Atorvastatin calcium trihydrate","02120400","Statins",1,"atorvastatin"
64868,"Atorvastatin 40mg tablets (Sigma Pharmaceuticals Plc)","Atorvastatin calcium trihydrate","02120400","Statins",1,"atorvastatin"
64968,"Simvastatin 10mg tablets (DE Pharmaceuticals)","Simvastatin","02120400","Statins",5,"simvastatin"
65181,"Simvastatin 40mg tablets (DE Pharmaceuticals)","Simvastatin","02120400","Statins",5,"simvastatin"
65193,"Atorvastatin 20mg tablets (Ranbaxy (UK) Ltd)","Atorvastatin calcium trihydrate","02120400","Statins",1,"atorvastatin"
65679,"Simvastatin 20mg tablets (DE Pharmaceuticals)","Simvastatin","02120400","Statins",5,"simvastatin"
65901,"Simvastatin 40mg tablets (Zentiva)","Simvastatin","02120400","Statins",5,"simvastatin"
65925,"Simvastatin 20mg/5ml oral suspension sugar free (Alliance Healthcare (Distribution) Ltd)","Simvastatin","02120400","Statins",5,"simvastatin"
66963,"Atorvastatin 80mg tablets (Sigma Pharmaceuticals Plc)","Atorvastatin calcium trihydrate","02120400","Statins",1,"atorvastatin"
67098,"Simvastatin 10mg tablets (Brown & Burk UK Ltd)","Simvastatin","02120400","Statins",5,"simvastatin"
67328,"Lescol XL 80mg tablets (Mawdsley-Brooks & Company Ltd)","Fluvastatin sodium","02120400","Statins",2,"fluvastatin"
67402,"Atorvastatin 40mg tablets (Kent Pharmaceuticals Ltd)","Atorvastatin calcium trihydrate","02120400","Statins",1,"atorvastatin"
67573,"Atorvastatin 10mg tablets (DE Pharmaceuticals)","Atorvastatin calcium trihydrate","02120400","Statins",1,"atorvastatin"
67660,"Atorvastatin 80mg tablets (Ranbaxy (UK) Ltd)","Atorvastatin calcium trihydrate","02120400","Statins",1,"atorvastatin"
67745,"Simvastatin 10mg tablets (Zentiva)","Simvastatin","02120400","Statins",5,"simvastatin"
67773,"Simvastatin 20mg tablets (Zentiva)","Simvastatin","02120400","Statins",5,"simvastatin"
67829,"Pravastatin 20mg tablets (Sandoz Ltd)","Pravastatin sodium","02120400","Statins",3,"pravastatin"
67846,"Atorvastatin 10mg tablets (Almus Pharmaceuticals Ltd)","Atorvastatin calcium trihydrate","02120400","Statins",1,"atorvastatin"
68023,"Atorvastatin 10mg tablets (Aspire Pharma Ltd)","Atorvastatin calcium trihydrate","02120400","Statins",1,"atorvastatin"
68048,"Atorvastatin 20mg tablets (Phoenix Healthcare Distribution Ltd)","Atorvastatin calcium trihydrate","02120400","Statins",1,"atorvastatin"
68156,"Pravastatin 10mg tablets (A A H Pharmaceuticals Ltd)","Pravastatin sodium","02120400","Statins",3,"pravastatin"
68467,"Atorvastatin 20mg tablets (Kent Pharmaceuticals Ltd)","Atorvastatin calcium trihydrate","02120400","Statins",1,"atorvastatin"
68563,"Simvastatin 40mg tablets (Brown & Burk UK Ltd)","Simvastatin","02120400","Statins",5,"simvastatin"
68686,"Simvastatin 20mg tablets (Genesis Pharmaceuticals Ltd)","Simvastatin","02120400","Statins",5,"simvastatin"
68785,"Atorvastatin 10mg tablets (Mylan)","Atorvastatin calcium trihydrate","02120400","Statins",1,"atorvastatin"
68827,"Atorvastatin 20mg tablets (Mylan)","Atorvastatin calcium trihydrate","02120400","Statins",1,"atorvastatin"
69093,"Atorvastatin 80mg tablets (Wockhardt UK Ltd)","Atorvastatin calcium trihydrate","02120400","Statins",1,"atorvastatin"
69413,"Simvastatin 20mg tablets (Brown & Burk UK Ltd)","Simvastatin","02120400","Statins",5,"simvastatin"
69427,"Atorvastatin 40mg tablets (Mylan)","Atorvastatin calcium trihydrate","02120400","Statins",1,"atorvastatin"
70308,"Crestor 20mg tablets (Sigma Pharmaceuticals Plc)","Rosuvastatin calcium","02120400","Statins",4,"rosuvastatin"
70693,"Atorvastatin 10mg tablets (Sigma Pharmaceuticals Plc)","Atorvastatin calcium trihydrate","02120400","Statins",1,"atorvastatin"
70987,"Atorvastatin 10mg tablets (Dr Reddy's Laboratories (UK) Ltd)","Atorvastatin calcium trihydrate","02120400","Statins",1,"atorvastatin"
71014,"Rosuvastatin 20mg tablets (Waymade Healthcare Plc)","Rosuvastatin calcium","02120400","Statins",4,"rosuvastatin"
71015,"Pravastatin 10mg tablets (Medreich Plc)","Pravastatin sodium","02120400","Statins",3,"pravastatin"
71017,"Atorvastatin 20mg tablets (Dr Reddy's Laboratories (UK) Ltd)","Atorvastatin calcium trihydrate","02120400","Statins",1,"atorvastatin"
71029,"Fluvastatin 40mg capsules (Sandoz Ltd)","Fluvastatin sodium","02120400","Statins",2,"fluvastatin"
71773,"Simvastatin 80mg tablets (Brown & Burk UK Ltd)","Simvastatin","02120400","Statins",5,"simvastatin"
72048,"Pravastatin 40mg tablets (Actavis UK Ltd)","Pravastatin sodium","02120400","Statins",3,"pravastatin"
72050,"Simvastatin 10mg tablets (Genesis Pharmaceuticals Ltd)","Simvastatin","02120400","Statins",5,"simvastatin"
72149,"Pravastatin 5mg/5ml oral suspension","Pravastatin sodium","02120400","Statins",3,"pravastatin"
72164,"Atorvastatin 20mg tablets (Bristol Laboratories Ltd)","Atorvastatin calcium trihydrate","02120400","Statins",1,"atorvastatin"
72213,"Atorvastatin 20mg tablets (Wockhardt UK Ltd)","Atorvastatin calcium trihydrate","02120400","Statins",1,"atorvastatin"
72308,"Fluvastatin 20mg capsules (Alliance Healthcare (Distribution) Ltd)","Fluvastatin sodium","02120400","Statins",2,"fluvastatin"
72641,"Atorvastatin 40mg/5ml oral solution","Atorvastatin calcium trihydrate","02120400","Statins",1,"atorvastatin"
73025,"Rosuvastatin 20mg tablets (Mylan)","Rosuvastatin calcium","02120400","Statins",4,"rosuvastatin"
73383,"Fluvastatin 40mg capsules (Actavis UK Ltd)","Fluvastatin sodium","02120400","Statins",2,"fluvastatin"
73520,"Lipitor 20mg tablets (DE Pharmaceuticals)","Atorvastatin calcium trihydrate","02120400","Statins",1,"atorvastatin"
74085,"Lescol 40mg capsules (Sigma Pharmaceuticals Plc)","Fluvastatin sodium","02120400","Statins",2,"fluvastatin"
74518,"Atorvastatin 10mg tablets (Wockhardt UK Ltd)","Atorvastatin calcium trihydrate","02120400","Statins",1,"atorvastatin"
74552,"Rosuvastatin 10mg tablets (Milpharm Ltd)","Rosuvastatin calcium","02120400","Statins",4,"rosuvastatin"
75134,"Simvastatin 80mg tablets (Mylan)","Simvastatin","02120400","Statins",5,"simvastatin"
75391,"Atorvastatin 80mg/5ml oral suspension","Atorvastatin calcium trihydrate","02120400","Statins",1,"atorvastatin"
75622,"Atorvastatin 60mg tablets (A A H Pharmaceuticals Ltd)","Atorvastatin calcium trihydrate","02120400","Statins",1,"atorvastatin"
75826,"Pravastatin 20mg tablets (Actavis UK Ltd)","Pravastatin sodium","02120400","Statins",3,"pravastatin"
75971,"Rosuvastatin 10mg tablets (Sandoz Ltd)","Rosuvastatin calcium","02120400","Statins",4,"rosuvastatin"
